{
  "results": [
    {
      "command": "/opt/homebrew/bin/git -c user.email=b@b -c user.name=bench -c init.defaultBranch=main -c commit.gpgsign=false -C /tmp/grit-bench-everyday/repo-M add -A",
      "mean": 0.009176595273333336,
      "stddev": 0.0004313897006721472,
      "median": 0.009098318180000002,
      "user": 0.002965413333333333,
      "system": 0.006521573333333334,
      "min": 0.008504817179999999,
      "max": 0.010738984180000001,
      "times": [
        0.00979448418,
        0.008590151180000002,
        0.008825900180000002,
        0.009388901179999999,
        0.008858984180000001,
        0.009048943180000001,
        0.009098318180000002,
        0.00958181718,
        0.00946098418,
        0.00893927618,
        0.009254234180000001,
        0.00910852518,
        0.008654234180000001,
        0.00947927618,
        0.00949260918,
        0.008913818180000001,
        0.009307234180000002,
        0.008898151180000001,
        0.00934035918,
        0.009661901180000002,
        0.009578109180000002,
        0.00933248418,
        0.009153609180000001,
        0.009337318180000002,
        0.010004734180000002,
        0.009672942180000001,
        0.00858398418,
        0.008941276179999999,
        0.00939315118,
        0.009086275179999999,
        0.01027531718,
        0.00908352518,
        0.00860515018,
        0.009244900180000001,
        0.00886865118,
        0.009490900180000001,
        0.00956719218,
        0.009269775180000002,
        0.010738984180000001,
        0.008748234180000002,
        0.00886331718,
        0.009317984179999999,
        0.00873260918,
        0.00861540118,
        0.008931984180000001,
        0.00871065118,
        0.009468150179999999,
        0.00985035918,
        0.00907440118,
        0.00912756718,
        0.009030817180000001,
        0.00874556718,
        0.009175651180000001,
        0.00896756818,
        0.00891606818,
        0.008552942180000002,
        0.008721151180000001,
        0.00906560918,
        0.009382442180000002,
        0.00941210918,
        0.00907223418,
        0.008504817179999999,
        0.009194818180000001,
        0.00873223418,
        0.00891144218,
        0.010107609180000001,
        0.008697900179999999,
        0.00888365118,
        0.00950023418,
        0.00907844218,
        0.009454943180000001,
        0.009947817180000002,
        0.008741359180000002,
        0.008968901179999999,
        0.00911127518
      ],
      "memory_usage_byte": [
        6701056,
        6701056,
        6701056,
        6701056,
        6864896,
        6864896,
        6864896,
        6864896,
        6864896,
        6864896,
        6864896,
        6864896,
        6864896,
        6881280,
        6881280,
        6881280,
        6881280,
        6881280,
        6881280,
        6881280,
        6881280,
        6881280,
        6881280,
        6881280,
        6881280,
        6881280,
        6881280,
        6881280,
        6881280,
        6881280,
        6881280,
        6881280,
        6881280,
        6881280,
        6881280,
        6881280,
        6881280,
        6881280,
        6881280,
        6881280,
        6881280,
        6881280,
        6881280,
        6881280,
        6881280,
        6881280,
        6881280,
        6881280,
        6881280,
        6881280,
        6881280,
        6881280,
        6881280,
        6881280,
        6881280,
        6881280,
        6881280,
        6881280,
        6881280,
        6881280,
        6881280,
        6881280,
        6881280,
        6881280,
        6881280,
        6881280,
        6881280,
        6881280,
        6881280,
        6881280,
        6881280,
        6881280,
        6881280,
        6881280,
        6881280
      ],
      "exit_codes": [
        0,
        0,
        0,
        0,
        0,
        0,
        0,
        0,
        0,
        0,
        0,
        0,
        0,
        0,
        0,
        0,
        0,
        0,
        0,
        0,
        0,
        0,
        0,
        0,
        0,
        0,
        0,
        0,
        0,
        0,
        0,
        0,
        0,
        0,
        0,
        0,
        0,
        0,
        0,
        0,
        0,
        0,
        0,
        0,
        0,
        0,
        0,
        0,
        0,
        0,
        0,
        0,
        0,
        0,
        0,
        0,
        0,
        0,
        0,
        0,
        0,
        0,
        0,
        0,
        0,
        0,
        0,
        0,
        0,
        0,
        0,
        0,
        0,
        0,
        0
      ]
    },
    {
      "command": "/Users/schacon/projects/grit-claude/target/release/grit -C /tmp/grit-bench-everyday/repo-M add -A",
      "mean": 0.06599308763161293,
      "stddev": 0.002672109240930766,
      "median": 0.06573244318,
      "user": 0.018829965161290325,
      "system": 0.0462577122580645,
      "min": 0.06317115018000001,
      "max": 0.07852510918000001,
      "times": [
        0.06573244318,
        0.06526369218000001,
        0.06317115018000001,
        0.06598452518,
        0.06600573418000001,
        0.06490635918000001,
        0.06649715118,
        0.06544515118000001,
        0.06866156818000001,
        0.06553602518000001,
        0.06523052618000001,
        0.06478535918,
        0.06601160918,
        0.06646002518,
        0.06765185918000001,
        0.06775273418000001,
        0.06603173418000001,
        0.07852510918000001,
        0.06644790118,
        0.06447465118000001,
        0.06726452518,
        0.06473527618000001,
        0.06573744218000001,
        0.06693494218000001,
        0.06447660918,
        0.06412735918000001,
        0.06321794218,
        0.06406077618,
        0.06587931818000001,
        0.06547731718000001,
        0.06329890018
      ],
      "memory_usage_byte": [
        7864320,
        7864320,
        7864320,
        7864320,
        7864320,
        7864320,
        7864320,
        7864320,
        7864320,
        7864320,
        7864320,
        7864320,
        7864320,
        7864320,
        7864320,
        7864320,
        7864320,
        7864320,
        7864320,
        7864320,
        7864320,
        7864320,
        7864320,
        7864320,
        7864320,
        7864320,
        7864320,
        7864320,
        7864320,
        7864320,
        7864320
      ],
      "exit_codes": [
        0,
        0,
        0,
        0,
        0,
        0,
        0,
        0,
        0,
        0,
        0,
        0,
        0,
        0,
        0,
        0,
        0,
        0,
        0,
        0,
        0,
        0,
        0,
        0,
        0,
        0,
        0,
        0,
        0,
        0,
        0
      ]
    }
  ]
}
