{
  "results": [
    {
      "command": "/opt/homebrew/bin/git -c user.email=b@b -c user.name=bench -c init.defaultBranch=main -c commit.gpgsign=false -C /tmp/grit-bench-everyday/repo-L add -A",
      "mean": 0.02333142449513514,
      "stddev": 0.0007874052852825175,
      "median": 0.02328546536,
      "user": 0.008218328648648647,
      "system": 0.04851499675675676,
      "min": 0.02156004836,
      "max": 0.025167215360000002,
      "times": [
        0.02171292336,
        0.02156004836,
        0.02168671436,
        0.02250392336,
        0.02218750636,
        0.02275046536,
        0.02295638136,
        0.02284954836,
        0.022973798360000002,
        0.02339046536,
        0.02374396436,
        0.02324254836,
        0.02316279836,
        0.02342654836,
        0.023808881360000003,
        0.023843506360000002,
        0.02315225736,
        0.02330454836,
        0.02324317336,
        0.02386275636,
        0.02297104836,
        0.02362900636,
        0.02392250636,
        0.02323663136,
        0.02416142336,
        0.02331400736,
        0.02320571536,
        0.023091423360000002,
        0.02328546536,
        0.02362042336,
        0.02486663236,
        0.025167215360000002,
        0.02366125636,
        0.02401871536,
        0.02324284036,
        0.02372596536,
        0.02477967336
      ],
      "memory_usage_byte": [
        8601600,
        8601600,
        8601600,
        8601600,
        8601600,
        8601600,
        8601600,
        8601600,
        8601600,
        8601600,
        8601600,
        8601600,
        8601600,
        8601600,
        8601600,
        8601600,
        8601600,
        8601600,
        8601600,
        8601600,
        8601600,
        8601600,
        8601600,
        8601600,
        8601600,
        8601600,
        8601600,
        8601600,
        8601600,
        8601600,
        8601600,
        9224192,
        9224192,
        9224192,
        9224192,
        9224192,
        9224192
      ],
      "exit_codes": [
        0,
        0,
        0,
        0,
        0,
        0,
        0,
        0,
        0,
        0,
        0,
        0,
        0,
        0,
        0,
        0,
        0,
        0,
        0,
        0,
        0,
        0,
        0,
        0,
        0,
        0,
        0,
        0,
        0,
        0,
        0,
        0,
        0,
        0,
        0,
        0,
        0
      ]
    },
    {
      "command": "/Users/schacon/projects/grit-claude/target/release/grit -C /tmp/grit-bench-everyday/repo-L add -A",
      "mean": 1.4171338525600001,
      "stddev": 0.17989118318707864,
      "median": 1.3643412773599999,
      "user": 1.03256598,
      "system": 0.36912064000000006,
      "min": 1.22087117336,
      "max": 1.72236538136,
      "times": [
        1.23176417336,
        1.29539613236,
        1.72236538136,
        1.50414300636,
        1.34958529836,
        1.22087117336,
        1.27836588136,
        1.37909725636,
        1.67960875736,
        1.5101414653599998
      ],
      "memory_usage_byte": [
        15630336,
        15630336,
        17104896,
        17465344,
        17465344,
        17465344,
        17465344,
        17465344,
        17465344,
        17465344
      ],
      "exit_codes": [
        0,
        0,
        0,
        0,
        0,
        0,
        0,
        0,
        0,
        0
      ]
    }
  ]
}
