{
  "results": [
    {
      "command": "/opt/homebrew/bin/git -c user.email=b@b -c user.name=bench -c init.defaultBranch=main -c commit.gpgsign=false -C /tmp/grit-bench-everyday/repo-S add -A",
      "mean": 0.007413292235145629,
      "stddev": 0.0006530876425585047,
      "median": 0.00729989374,
      "user": 0.00254254640776699,
      "system": 0.004573278834951455,
      "min": 0.00668493474,
      "max": 0.01264447674,
      "times": [
        0.00729989374,
        0.007610018739999999,
        0.00765180974,
        0.007053559739999999,
        0.0074680597400000005,
        0.0069433937400000005,
        0.0071744767400000005,
        0.00794893574,
        0.007157684739999999,
        0.00704201874,
        0.00673814374,
        0.00670839374,
        0.007145018739999999,
        0.006758476739999999,
        0.007719393739999999,
        0.007331434739999999,
        0.0077997267399999995,
        0.006841934739999999,
        0.00668493474,
        0.00751760174,
        0.00709739374,
        0.007503810739999999,
        0.00715718474,
        0.00743572674,
        0.00797085174,
        0.007936434740000001,
        0.00686893474,
        0.00728776774,
        0.006981059739999999,
        0.00750047674,
        0.008222726739999998,
        0.007897267739999998,
        0.00785880974,
        0.00744531074,
        0.0072647267400000005,
        0.00692085174,
        0.0069421017400000005,
        0.006828226739999999,
        0.007509726739999999,
        0.00728326874,
        0.007178684739999999,
        0.00714206074,
        0.00717372674,
        0.0073036017399999995,
        0.008252268739999999,
        0.00785114374,
        0.00726935174,
        0.01264447674,
        0.00719322674,
        0.00764651774,
        0.007633184739999999,
        0.007518226739999999,
        0.00790276774,
        0.006883726739999999,
        0.00707414274,
        0.00747130974,
        0.00728530974,
        0.00711776774,
        0.00693668474,
        0.0068752267399999996,
        0.00714622674,
        0.007012101739999999,
        0.00749139374,
        0.0069809767399999995,
        0.00726305974,
        0.00712935174,
        0.00742580974,
        0.00716230974,
        0.00738139374,
        0.00697914374,
        0.008547976740000001,
        0.00733276874,
        0.00741710174,
        0.0075222677400000005,
        0.00703114274,
        0.007461351739999999,
        0.0070672687399999995,
        0.00742710174,
        0.007473018739999999,
        0.00791172674,
        0.00775547674,
        0.007579767739999999,
        0.00704443474,
        0.00719497674,
        0.00817147674,
        0.00688572674,
        0.0073865187399999995,
        0.007094060739999999,
        0.007407601739999999,
        0.007501434739999999,
        0.006924393739999999,
        0.008080476739999998,
        0.007148726739999999,
        0.008057684740000001,
        0.007493851739999999,
        0.00711956074,
        0.006724767739999999,
        0.00800868474,
        0.00819480974,
        0.00725372674,
        0.00718789374,
        0.00758476874,
        0.0077438097400000004
      ],
      "memory_usage_byte": [
        6356992,
        6356992,
        6356992,
        6356992,
        6356992,
        6356992,
        6356992,
        6356992,
        6356992,
        6356992,
        6356992,
        6356992,
        6356992,
        6356992,
        6356992,
        6356992,
        6356992,
        6356992,
        6356992,
        6356992,
        6356992,
        6356992,
        6356992,
        6356992,
        6356992,
        6356992,
        6356992,
        6356992,
        6356992,
        6356992,
        6356992,
        6356992,
        6356992,
        6356992,
        6356992,
        6356992,
        6356992,
        6356992,
        6356992,
        6356992,
        6356992,
        6356992,
        6356992,
        6356992,
        6356992,
        6356992,
        6356992,
        6356992,
        6356992,
        6356992,
        6356992,
        6356992,
        6356992,
        6356992,
        6356992,
        6356992,
        6356992,
        6356992,
        6356992,
        6356992,
        6356992,
        6356992,
        6356992,
        6356992,
        6356992,
        6356992,
        6356992,
        6356992,
        6356992,
        6356992,
        6356992,
        6356992,
        6356992,
        6356992,
        6356992,
        6356992,
        6356992,
        6356992,
        6356992,
        6356992,
        6356992,
        6356992,
        6356992,
        6356992,
        6356992,
        6356992,
        6356992,
        6356992,
        6356992,
        6356992,
        6356992,
        6356992,
        6356992,
        6356992,
        6356992,
        6356992,
        6356992,
        6356992,
        6356992,
        6356992,
        6356992,
        6356992,
        6356992
      ],
      "exit_codes": [
        0,
        0,
        0,
        0,
        0,
        0,
        0,
        0,
        0,
        0,
        0,
        0,
        0,
        0,
        0,
        0,
        0,
        0,
        0,
        0,
        0,
        0,
        0,
        0,
        0,
        0,
        0,
        0,
        0,
        0,
        0,
        0,
        0,
        0,
        0,
        0,
        0,
        0,
        0,
        0,
        0,
        0,
        0,
        0,
        0,
        0,
        0,
        0,
        0,
        0,
        0,
        0,
        0,
        0,
        0,
        0,
        0,
        0,
        0,
        0,
        0,
        0,
        0,
        0,
        0,
        0,
        0,
        0,
        0,
        0,
        0,
        0,
        0,
        0,
        0,
        0,
        0,
        0,
        0,
        0,
        0,
        0,
        0,
        0,
        0,
        0,
        0,
        0,
        0,
        0,
        0,
        0,
        0,
        0,
        0,
        0,
        0,
        0,
        0,
        0,
        0,
        0,
        0
      ]
    },
    {
      "command": "/Users/schacon/projects/grit-claude/target/release/grit -C /tmp/grit-bench-everyday/repo-S add -A",
      "mean": 0.012240159080909092,
      "stddev": 0.0017284822325019412,
      "median": 0.01197368524,
      "user": 0.003956714545454545,
      "system": 0.0076604104545454545,
      "min": 0.01135710174,
      "max": 0.02632926874,