{
  "results": [
    {
      "command": "/opt/homebrew/bin/git -c user.email=b@b -c user.name=bench -c init.defaultBranch=main -c commit.gpgsign=false -C /tmp/grit-bench-everyday/repo-H add -A",
      "mean": 0.008164543713333331,
      "stddev": 0.0004277061056083022,
      "median": 0.00813090938,
      "user": 0.0026925181609195404,
      "system": 0.005233994942528734,
      "min": 0.007639743379999999,
      "max": 0.01051361838,
      "times": [
        0.00846491038,
        0.00854874338,
        0.00829628538,
        0.00810749338,
        0.0077993683799999994,
        0.00911715938,
        0.00840215938,
        0.00840366038,
        0.00814536838,
        0.00820245138,
        0.007973327379999999,
        0.00881703538,
        0.00785111838,
        0.007970285379999999,
        0.00776095238,
        0.00815041038,
        0.00768057638,
        0.00800907638,
        0.00795841038,
        0.00782932638,
        0.007781743379999999,
        0.00803457638,
        0.00833236838,
        0.00815578438,
        0.00885174338,
        0.00845453538,
        0.00796545138,
        0.00834207638,
        0.01051361838,
        0.008458118379999999,
        0.00839166038,
        0.00873157738,
        0.00854665938,
        0.00922686838,
        0.00799845138,
        0.00794991038,
        0.00827895138,
        0.00847770138,
        0.00819995138,
        0.00835811838,
        0.00854841038,
        0.00857965938,
        0.00831711838,
        0.00841574338,
        0.00823728538,
        0.00817545138,
        0.00820061838,
        0.00845128538,
        0.00793661838,
        0.008115577379999999,
        0.00792195138,
        0.00879974338,
        0.00813157738,
        0.0077483683800000005,
        0.00788511838,
        0.00813357738,
        0.00795561838,
        0.00780182638,
        0.0076802853800000005,
        0.00827557738,
        0.007673993380000001,
        0.00808703438,
        0.00775291038,
        0.00862824338,
        0.00796395138,
        0.00823040938,
        0.00770416038,
        0.00838932738,
        0.007639743379999999,
        0.007925160379999999,
        0.00777170238,
        0.00766916038,
        0.00813090938,
        0.00795903538,
        0.00814816038,
        0.00834111838,
        0.00789274338,
        0.00837191038,
        0.00774553538,
        0.00766116038,
        0.00797649338,
        0.00769211838,
        0.0077112023800000006,
        0.00792924338,
        0.00781453438,
        0.007801827379999999,
        0.00785411838
      ],
      "memory_usage_byte": [
        7012352,
        7012352,
        7012352,
        7012352,
        7012352,
        7012352,
        7241728,
        7241728,
        7241728,
        7241728,
        7241728,
        7241728,
        7241728,
        7241728,
        7241728,
        7241728,
        7241728,
        7241728,
        7241728,
        7241728,
        7241728,
        7241728,
        7241728,
        7241728,
        7241728,
        7241728,
        7241728,
        7241728,
        7241728,
        7241728,
        7241728,
        7241728,
        7241728,
        7241728,
        7241728,
        7241728,
        7241728,
        7241728,
        7241728,
        7241728,
        7241728,
        7241728,
        7323648,
        7323648,
        7323648,
        7323648,
        7323648,
        7323648,
        7323648,
        7323648,
        7323648,
        7323648,
        7323648,
        7323648,
        7323648,
        7323648,
        7323648,
        7323648,
        7323648,
        7323648,
        7323648,
        7323648,
        7323648,
        7323648,
        7323648,
        7323648,
        7323648,
        7323648,
        7323648,
        7323648,
        7323648,
        7323648,
        7323648,
        7323648,
        7323648,
        7323648,
        7323648,
        7323648,
        7323648,
        7323648,
        7323648,
        7323648,
        7323648,
        7323648,
        7323648,
        7323648,
        7323648
      ],
      "exit_codes": [
        0,
        0,
        0,
        0,
        0,
        0,
        0,
        0,
        0,
        0,
        0,
        0,
        0,
        0,
        0,
        0,
        0,
        0,
        0,
        0,
        0,
        0,
        0,
        0,
        0,
        0,
        0,
        0,
        0,
        0,
        0,
        0,
        0,
        0,
        0,
        0,
        0,
        0,
        0,
        0,
        0,
        0,
        0,
        0,
        0,
        0,
        0,
        0,
        0,
        0,
        0,
        0,
        0,
        0,
        0,
        0,
        0,
        0,
        0,
        0,
        0,
        0,
        0,
        0,
        0,
        0,
        0,
        0,
        0,
        0,
        0,
        0,
        0,
        0,
        0,
        0,
        0,
        0,
        0,
        0,
        0,
        0,
        0,
        0,
        0,
        0,
        0
      ]
    },
    {
      "command": "/Users/schacon/projects/grit-claude/target/release/grit -C /tmp/grit-bench-everyday/repo-H add -A",
      "mean": 0.03004748713471698,
      "stddev": 0.0010613630137704625,
      "median": 0.02978057638,
      "user": 0.011017236226415091,
      "system": 0.01855312528301887,
      "min": 0.029231659380000004,
      "max": 0.036388534380000004,
      "times": [
        0.030268285380000003,
        0.030260660380000005,
        0.02960315938,
        0.036388534380000004,
        0.030852034380000004,
        0.029808660380000004,
        0.029945410380000002,
        0.02978057638,
        0.030395576380000004,
        0.029821618380000005,
        0.02985370138,
        0.030785826380000006,
        0.029562493380000006,
        0.02960782738,
        0.029757535380000005,
        0.029584034380000006,
        0.029873576380000003,
        0.030337202380000004,
        0.029916368380000002,
        0.02959199338,
        0.03022686838,
        0.030337493380000004,
        0.029701118380000002,
        0.030082285380000004,
        0.029408326380000002,
        0.029708535380000005,
        0.032115535380000004,
        0.029855410380000003,
        0.02960836838,
        0.029736368380000003,
        0.029318743380000005,
        0.030120451380000003,
        0.029575784380000004,
        0.03038820238,
        0.029693285380000004,
        0.029742993380000006,
        0.029594910380000006,
        0.02982536838,
        0.030002118380000005,
        0.029400535380000002,
        0.030607535380000002,
        0.03105366038,
        0.03183086838,
        0.029292285380000005,
        0.029341410380000002,
        0.029231659380000004,
        0.029888285380000004,
        0.029520035380000004,
        0.029371410380000004,
        0.029644243380000004,
        0.029484202380000005,
        0.02953936838,
        0.02927407638
      ],
      "memory_usage_byte": [
        10240000,
        10240000,
        10240000,
        10240000,
        10240000,
        10240000,
        10240000,
        10240000,
        10240000,
        10240000,
        10240000,
        10240000,
        10240000,
        10240000,
        10240000,
        10240000,
        10240000,
        10240000,
        10240000,
        10240000,
        10240000,
        10240000,
        10240000,
        10240000,
        10240000,
        10240000,
        10240000,
        10240000,
        10240000,
        10240000,
        10240000,
        10240000,
        10240000,
        10240000,
        10240000,
        10240000,
        10240000,
        10240000,
        10240000,
        10240000,
        10240000,
        10240000,
        10240000,
        10240000,
        10240000,
        10240000,
        10240000,
        10240000,
        10240000,
        10240000,
        10240000,
        10240000,
        10240000
      ],