{
  "results": [
    {
      "command": "/opt/homebrew/bin/git -c user.email=b@b -c user.name=bench -c init.defaultBranch=main -c commit.gpgsign=false -C /tmp/grit-bench-everyday/repo-H blame d1/f1.txt",
      "mean": 0.0360816693225,
      "stddev": 0.0008906424913787382,
      "median": 0.036108524260000004,
      "user": 0.020175070000000003,
      "system": 0.015288990000000006,
      "min": 0.03461467026,
      "max": 0.039693836260000004,
      "times": [
        0.03470725326,
        0.03461467026,
        0.035106044260000004,
        0.03480716926,
        0.03694691926,
        0.039693836260000004,
        0.035094086260000004,
        0.03592725326,
        0.035320170260000006,
        0.035252253260000005,
        0.035204836260000004,
        0.035245794260000005,
        0.03521796126,
        0.03500450326,
        0.035600336260000004,
        0.03616583626,
        0.03531000326,
        0.03462529426,
        0.03546737826,
        0.03534371226,
        0.03534129526,
        0.03477808626,
        0.035110420260000004,
        0.03522154426,
        0.035244961260000006,
        0.03658725326,
        0.03561179526,
        0.03548287826,
        0.03516396126,
        0.035561378260000005,
        0.03525204526,
        0.03554696126,
        0.03570962826,
        0.03630525326,
        0.035941294260000006,
        0.038159712260000006,
        0.03685150326,
        0.036638753260000004,
        0.036639461260000006,
        0.03726312826,
        0.036191628260000004,
        0.036351919260000004,
        0.03643346126,
        0.03629004526,
        0.036449086260000006,
        0.037154794260000006,
        0.038431545260000005,
        0.03737696126,
        0.036907170260000004,
        0.036981003260000006,
        0.03608667026,
        0.036809128260000004,
        0.036474003260000006,
        0.03663733626,
        0.03779237826,
        0.03668029526,
        0.036544836260000005,
        0.036372128260000004,
        0.03628167026,
        0.03593316926,
        0.03578375326,
        0.03600779526,
        0.03616704526,
        0.035678586260000006,
        0.03650658626,
        0.035481294260000004,
        0.03713521226,
        0.036187420260000006,
        0.036507753260000005,
        0.036130378260000005,
        0.035831087260000005,
        0.03621996126,
        0.03580925326,
        0.03633300326,
        0.036497920260000004,
        0.035677878260000004,
        0.03641583726,
        0.03650891926,
        0.035896461260000005,
        0.03651154426
      ],
      "memory_usage_byte": [
        14974976,
        14974976,
        14974976,
        14974976,
        14974976,
        14974976,
        14974976,
        14974976,
        14974976,
        14974976,
        14974976,
        14974976,
        14974976,
        14974976,
        14974976,
        14974976,
        14974976,
        14974976,
        14974976,
        14974976,
        14974976,
        14974976,
        14974976,
        14974976,
        14974976,
        14974976,
        14974976,
        14974976,
        14974976,
        14974976,
        14974976,
        14974976,
        14974976,
        14974976,
        14974976,
        15400960,
        15400960,
        15400960,
        15400960,
        15400960,
        15400960,
        15400960,
        15400960,
        15400960,
        15400960,
        15400960,
        15400960,
        15400960,
        15400960,
        15400960,
        15400960,
        15400960,
        15400960,
        15400960,
        15400960,
        15400960,
        15400960,
        15400960,
        15400960,
        15400960,
        15400960,
        15400960,
        15400960,
        15400960,
        15400960,
        15400960,
        15400960,
        15400960,
        15400960,
        15400960,
        15400960,
        15400960,
        15400960,
        15400960,
        15400960,
        15400960,
        15400960,
        15400960,
        15400960,
        15400960
      ],
      "exit_codes": [
        0,
        0,
        0,
        0,
        0,
        0,
        0,
        0,
        0,
        0,
        0,
        0,
        0,
        0,
        0,
        0,
        0,
        0,
        0,
        0,
        0,
        0,
        0,
        0,
        0,
        0,
        0,
        0,
        0,
        0,
        0,
        0,
        0,
        0,
        0,
        0,
        0,
        0,
        0,
        0,
        0,
        0,
        0,
        0,
        0,
        0,
        0,
        0,
        0,
        0,
        0,
        0,
        0,
        0,
        0,
        0,
        0,
        0,
        0,
        0,
        0,
        0,
        0,
        0,
        0,
        0,
        0,
        0,
        0,
        0,
        0,
        0,
        0,
        0,
        0,
        0,
        0,
        0,
        0,
        0
      ]
    },
    {
      "command": "/Users/schacon/projects/grit-claude/target/release/grit -C /tmp/grit-bench-everyday/repo-H blame d1/f1.txt",
      "mean": 0.27305174571454544,
      "stddev": 0.006303096894395444,
      "median": 0.27445842026,
      "user": 0.19618999272727275,
      "system": 0.07616329454545455,
      "min": 0.26574408626,
      "max": 0.28598150326000005,
      "times": [
        0.26694417026000006,
        0.26574408626,
        0.26623354526,
        0.26816508626,
        0.26995550326000006,
        0.27475808626,
        0.28598150326000005,
        0.27445842026,
        0.27568229526,
        0.27885004526,
        0.27679646126
      ],
      "memory_usage_byte": [
        16760832,
        16760832,
        16760832,
        16760832,
        16760832,
        16760832,
        16760832,
        16760832,
        16760832,
        16760832,
        16760832
      ],
      "exit_codes": [
        0,
        0,
        0,
        0,
        0,
        0,
        0,
        0,
        0,
        0,
        0
      ]
    }
  ]
}
