{
  "results": [
    {
      "command": "/opt/homebrew/bin/git -c user.email=b@b -c user.name=bench -c init.defaultBranch=main -c commit.gpgsign=false -C /tmp/grit-bench-everyday/repo-M checkout -q bench-alt",
      "mean": 0.008697157737500003,
      "stddev": 0.009264152303085485,
      "median": 0.0030346418,
      "user": 0.002861275,
      "system": 0.004808365,
      "min": 0.0024229753,
      "max": 0.0642192243,
      "times": [
        0.015375433300000001,
        0.0158410163,
        0.0173034743,
        0.0169088913,
        0.0161403923,
        0.0152440163,
        0.015557099300000002,
        0.015518308300000002,
        0.0165133083,
        0.015611683300000002,
        0.0157917243,
        0.0158123493,
        0.0157313083,
        0.0166686833,
        0.0164875583,
        0.0160754333,
        0.0160468493,
        0.015521016299999999,
        0.0157190993,
        0.0150546833,
        0.0109593083,
        0.0103584333,
        0.0104129753,
        0.009982641300000001,
        0.025120892300000003,
        0.012749724300000001,
        0.0340458913,
        0.0121716003,
        0.011762058300000001,
        0.0121895583,
        0.0122539743,
        0.0120396833,
        0.012050892300000001,
        0.0642192243,
        0.0035918913,
        0.0032440163,
        0.0035506423,
        0.0034783503,
        0.0030252253000000004,
        0.0030440582999999998,
        0.0030671413,
        0.0029652253000000003,
        0.0028941833,
        0.0028695583000000005,
        0.0028364333000000003,
        0.0028606413,
        0.0027741833000000005,
        0.0028425993000000004,
        0.0027745583,
        0.0027893083,
        0.0028432243,
        0.0027288083,
        0.0026944753,
        0.0026046423,
        0.0026395583000000003,
        0.0026145583000000004,
        0.0026703503000000003,
        0.0026351423,
        0.0026685583,
        0.0025779333000000002,
        0.0025943923,
        0.0025860163,
        0.0024898083000000006,
        0.0024977243,
        0.0026738913000000004,
        0.0024721002999999997,
        0.0027180583,
        0.0025173083000000003,
        0.0024833923,
        0.0025225163,
        0.0025889753000000004,
        0.0024811003,
        0.0029721003,
        0.0026501413,
        0.0026748083,
        0.0024942663000000003,
        0.0024229753,
        0.0025191833000000005,
        0.0024358503,
        0.0024535583
      ],
      "memory_usage_byte": [
        6946816,
        6946816,
        6946816,
        6946816,
        6946816,
        6946816,
        6946816,
        6946816,
        6946816,
        6946816,
        6946816,
        6946816,
        6946816,
        6946816,
        6946816,
        6946816,
        6946816,
        6946816,
        6946816,
        6946816,
        7405568,
        7602176,
        7602176,
        7618560,
        8224768,
        8224768,
        8224768,
        8224768,
        8224768,
        8224768,
        8224768,
        8224768,
        8224768,
        8339456,
        8339456,
        8339456,
        8339456,
        8339456,
        8339456,
        8339456,
        8339456,
        8339456,
        8339456,
        8339456,
        8339456,
        8339456,
        8339456,
        8339456,
        8339456,
        8339456,
        8339456,
        8339456,
        8339456,
        8339456,
        8339456,
        8339456,
        8339456,
        8339456,
        8339456,
        8339456,
        8339456,
        8339456,
        8339456,
        8339456,
        8339456,
        8339456,
        8339456,
        8339456,
        8339456,
        8339456,
        8339456,
        8339456,
        8339456,
        8339456,
        8339456,
        8339456,
        8339456,
        8339456,
        8339456,
        8339456
      ],
      "exit_codes": [
        0,
        0,
        0,
        0,
        0,
        0,
        0,
        0,
        0,
        0,
        0,
        0,
        0,
        0,
        0,
        0,
        0,
        0,
        0,
        0,
        0,
        0,
        0,
        0,
        0,
        0,
        0,
        0,
        0,
        0,
        0,
        0,
        0,
        0,
        128,
        128,
        128,
        128,
        128,
        128,
        128,
        128,
        128,
        128,
        128,
        128,
        128,
        128,
        128,
        128,
        128,
        128,
        128,
        128,
        128,
        128,
        128,
        128,
        128,
        128,
        128,
        128,
        128,
        128,
        128,
        128,
        128,
        128,
        128,
        128,
        128,
        128,
        128,
        128,
        128,
        128,
        128,
        128,
        128,
        128
      ]
    },
    {
      "command": "/Users/schacon/projects/grit-claude/target/release/grit -C /tmp/grit-bench-everyday/repo-M checkout -q bench-alt",
      "mean": 0.004351410378602621,
      "stddev": 0.0023243123930067095,
      "median": 0.004158642299999999,
      "user": 0.0022735021834061125,
      "system": 0.001611613799126638,
      "min": 0.0040095172999999994,
      "max": 0.0391908913,