{
  "results": [
    {
      "command": "/opt/homebrew/bin/git -c user.email=b@b -c user.name=bench -c init.defaultBranch=main -c commit.gpgsign=false -C /tmp/grit-bench-everyday/repo-H checkout -q bench-alt",
      "mean": 0.006955874522465753,
      "stddev": 0.0007139688681906833,
      "median": 0.006847632680000001,
      "user": 0.0030980057534246573,
      "system": 0.004342099178082193,
      "min": 0.00651081968,
      "max": 0.014859361680000002,
      "times": [
        0.00682077868,
        0.006678902680000001,
        0.00671198668,
        0.00677598668,
        0.00663515368,
        0.007066694680000001,
        0.006710653680000001,
        0.006712569680000001,
        0.007093986680000001,
        0.00793315368,
        0.0069129446800000015,
        0.00678090368,
        0.006885611680000001,
        0.007223861680000001,
        0.006697694680000001,
        0.006755194680000002,
        0.006854653680000001,
        0.00662765268,
        0.0072733616800000015,
        0.0067290286800000005,
        0.00677269468,
        0.006608694680000001,
        0.006802486680000001,
        0.0065515276800000005,
        0.006526611680000001,
        0.006804153680000001,
        0.00678494468,
        0.006805070680000001,
        0.00760402768,
        0.006758652680000001,
        0.0068309866800000014,
        0.006593945680000001,
        0.00681944468,
        0.006783611680000001,
        0.00654465368,
        0.00659427768,
        0.0068496536800000014,
        0.006762320680000001,
        0.00667698668,
        0.00686656968,
        0.006658486680000001,
        0.006720070680000001,
        0.00658427768,
        0.006599986680000001,
        0.00656761168,
        0.006634153680000001,
        0.006540445680000001,
        0.0070062366800000015,
        0.00752756968,
        0.00660490268,
        0.006512278680000001,
        0.006575486680000001,
        0.006596486680000001,
        0.00651081968,
        0.0067172366800000004,
        0.006846820680000001,
        0.006602778680000001,
        0.006827777680000001,
        0.006882153680000001,
        0.007018444680000001,
        0.00740690368,
        0.007095986680000001,
        0.0071030286800000016,
        0.007071736680000001,
        0.007080236680000001,
        0.00683461168,
        0.00681365368,
        0.00785848668,
        0.00702515368,
        0.00705802868,
        0.0070644456800000015,
        0.007115028680000001,
        0.00701640368,
        0.00702865368,
        0.006874486680000002,
        0.00703940368,
        0.0072334866800000015,
        0.00714406968,
        0.007021236680000001,
        0.006848444680000001,
        0.00683511168,
        0.00686598668,
        0.006746777680000001,
        0.006545070680000001,
        0.006721278680000001,
        0.0068301526800000015,
        0.00778594468,
        0.007361111680000001,
        0.006818486680000001,
        0.006859653680000001,
        0.006969736680000001,
        0.006874902680000001,
        0.006966570680000001,
        0.006991653680000001,
        0.00686636168,
        0.00700790368,
        0.00679473668,
        0.00681177868,
        0.00686690268,
        0.006752694680000001,
        0.006656528680000001,
        0.014859361680000002,
        0.00692044468,
        0.006943777680000001,
        0.007276528680000002,
        0.007668694680000001,
        0.0068914036800000016,
        0.00684269568,
        0.006871152680000001,
        0.006931569680000001,
        0.00712090368,
        0.006908986680000001,
        0.006969236680000001,
        0.0070398616800000004,
        0.007100403680000001,
        0.00747006968,
        0.0074597366800000005,
        0.007224319680000001,
        0.0072859446800000015,
        0.0067807366800000015,
        0.006907902680000001,
        0.006586319680000001,
        0.006787236680000001,
        0.006931569680000001,
        0.007752778680000001,
        0.006872319680000001,
        0.006926903680000001,
        0.006682402680000001,
        0.0066429456800000015,
        0.00675615368,
        0.0067685706800000005,
        0.006673402680000001,
        0.00661740368,
        0.006773569680000001,
        0.006732902680000001,
        0.00685469568,
        0.00697373668,
        0.006961820680000001,
        0.00681736168,
        0.00677236168,
        0.0071224866800000015,
        0.006794444680000001,
        0.006800903680000001,
        0.00695306968,
        0.007232153680000001,
        0.006877486680000001
      ],
      "memory_usage_byte": [
        7618560,
        7880704,
        7880704,
        7880704,
        7880704,
        7880704,
        7880704,
        7880704,
        7880704,
        7880704,
        7880704,
        7880704,
        7880704,
        7880704,
        7880704,
        7880704,
        7880704,
        7880704,
        7880704,
        7880704,
        7880704,
        7880704,
        7880704,
        7880704,
        7880704,
        7880704,
        7880704,
        7880704,
        7880704,
        7880704,
        7880704,
        7880704,
        7880704,
        7880704,
        7880704,
        7880704,
        7880704,
        7880704,
        7880704,
        7880704,
        7880704,
        7880704,
        7880704,
        7880704,
        7880704,
        7880704,
        7880704,
        7880704,
        7880704,
        7880704,
        7880704,
        7880704,
        7880704,
        7880704,
        7880704,
        7880704,
        7880704,
        7880704,
        7880704,
        7880704,
        7880704,
        7880704,
        7880704,
        7880704,
        7880704,
        7880704,
        7880704,
        7880704,
        7880704,
        7880704,
        7880704,
        7880704,
        7880704,
        7929856,
        7929856,
        7929856,
        7929856,
        7929856,
        7929856,
        7929856,
        7929856,
        7929856,
        7929856,
        7929856,
        7929856,
        7929856,
        7929856,
        7929856,
        7929856,
        7929856,
        7929856,
        7929856,
        7929856,
        7929856,
        8142848,
        8142848,
        8142848,
        8142848,
        8142848,
        8142848,
        8142848,
        8142848,
        8142848,
        8142848,
        8142848,
        8142848,
        8142848,
        8142848,
        8142848,
        8142848,
        8142848,
        8142848,
        8142848,
        8142848,
        8142848,
        8142848,
        8142848,
        8142848,
        8142848,
        8142848,
        8142848,
        8142848,
        8142848,
        8142848,
        8142848,
        8142848,
        8142848,
        8142848,
        8142848,
        8142848,
        8142848,
        8142848,
        8142848,
        8142848,
        8142848,
        8142848,
        8142848,
        8142848,
        8142848,
        8142848,
        8142848,
        8142848,
        8142848,
        8142848,
        8142848,
        8142848
      ],