{
  "results": [
    {
      "command": "/opt/homebrew/bin/git -c user.email=b@b -c user.name=bench -c init.defaultBranch=main -c commit.gpgsign=false -C /tmp/grit-bench-everyday/repo-L checkout -q bench-alt",
      "mean": 0.027328722483396233,
      "stddev": 0.0018370488694627164,
      "median": 0.027110639540000002,
      "user": 0.010920344905660375,
      "system": 0.0515742079245283,
      "min": 0.02487784854,
      "max": 0.03691730654,
      "times": [
        0.02487784854,
        0.02643172354,
        0.02536138954,
        0.02602114054,
        0.02544647254,
        0.02681230654,
        0.02580476554,
        0.02605789054,
        0.02589959854,
        0.026399890540000002,
        0.02623743154,
        0.02633484854,
        0.02584147254,
        0.02591430654,
        0.02617922354,
        0.02773368154,
        0.02500918154,
        0.02614097254,
        0.02593076554,
        0.02662114054,
        0.02621834854,
        0.02955134854,
        0.03691730654,
        0.02830318154,
        0.02668364054,
        0.02854726454,
        0.02730293154,
        0.02843643154,
        0.02810601454,
        0.027345598540000002,
        0.02685684754,
        0.027110639540000002,
        0.02778359854,
        0.030743722539999997,
        0.029804389540000004,
        0.02983251554,
        0.02848543154,
        0.02659951554,
        0.02830780654,
        0.02828888954,
        0.02808026454,
        0.02837030654,
        0.02695151454,
        0.02725047354,
        0.02714984854,
        0.02785109854,
        0.02660926454,
        0.028224139540000002,
        0.02730451454,
        0.02721684854,
        0.02737326454,
        0.02732447354,
        0.02643480654
      ],
      "memory_usage_byte": [
        10321920,
        10321920,
        10321920,
        10321920,
        10321920,
        10321920,
        10321920,
        10321920,
        10321920,
        10321920,
        10321920,
        10321920,
        10321920,
        10321920,
        10321920,
        10321920,
        10321920,
        10321920,
        10321920,
        10321920,
        10321920,
        10321920,
        10321920,
        10321920,
        10354688,
        10354688,
        10354688,
        10354688,
        10354688,
        10354688,
        10354688,
        10354688,
        10354688,
        10354688,
        10354688,
        10354688,
        10354688,
        10354688,
        10354688,
        10354688,
        10354688,
        10354688,
        10354688,
        10354688,
        10354688,
        10354688,
        10354688,
        10354688,
        10354688,
        10354688,
        10354688,
        10354688,
        10354688
      ],
      "exit_codes": [
        0,
        0,
        0,
        0,
        0,
        0,
        0,
        0,
        0,
        0,
        0,
        0,
        0,
        0,
        0,
        0,
        0,
        0,
        0,
        0,
        0,
        0,
        0,
        0,
        0,
        0,
        0,
        0,
        0,
        0,
        0,
        0,
        0,
        0,
        0,
        0,
        0,
        0,
        0,
        0,
        0,
        0,
        0,
        0,
        0,
        0,
        0,
        0,
        0,
        0,
        0,
        0,
        0
      ]
    },
    {
      "command": "/Users/schacon/projects/grit-claude/target/release/grit -C /tmp/grit-bench-everyday/repo-L checkout -q bench-alt",
      "mean": 0.47845088554000004,
      "stddev": 0.022210719988812147,
      "median": 0.4727953275400001,
      "user": 0.24721985999999996,
      "system": 0.22937654000000002,
      "min": 0.45433443154,
      "max": 0.5073759735400001,
      "times": [
        0.48196934854000006,
        0.50315134754,
        0.50640043154,
        0.5073759735400001,
        0.45940188954000005,
        0.49234251454000005,
        0.46362130654000006,
        0.45694176454,
        0.45896984754000003,
        0.45433443154
      ],
      "memory_usage_byte": [
        21774336,
        21774336,
        21774336,
        21774336,
        21774336,
        21774336,
        21774336,
        21774336,
        21774336,
        21774336
      ],
      "exit_codes": [
        0,
        0,
        0,
        0,
        0,
        0,
        0,
        0,
        0,
        0
      ]
    }
  ]
}
