{
  "results": [
    {
      "command": "/opt/homebrew/bin/git -c user.email=b@b -c user.name=bench -c init.defaultBranch=main -c commit.gpgsign=false -C /tmp/grit-bench-everyday/repo-M cherry-pick -n bench-alt 2>/dev/null; /opt/homebrew/bin/git -c user.email=b@b -c user.name=bench -c init.defaultBranch=main -c commit.gpgsign=false -C /tmp/grit-bench-everyday/repo-M reset -q --hard 2>/dev/null; true",
      "mean": 0.00814931130640884,
      "stddev": 0.00039857777139938014,
      "median": 0.008043905660000001,
      "user": 0.00432484696132597,
      "system": 0.004057815359116019,
      "min": 0.0076394046600000015,
      "max": 0.010732029660000001,
      "times": [
        0.008062196660000001,
        0.008122738660000002,
        0.007860904660000001,
        0.007853238660000001,
        0.007709446660000001,
        0.007895196660000001,
        0.007754696660000001,
        0.007701571660000002,
        0.00839378066,
        0.00792219666,
        0.00800944666,
        0.008009362660000002,
        0.007861321660000002,
        0.008238362660000002,
        0.00824786266,
        0.007909696660000002,
        0.00784294666,
        0.007798821660000002,
        0.007840737660000001,
        0.007931988660000002,
        0.007843446660000001,
        0.008378071660000002,
        0.00895711266,
        0.008320446660000001,
        0.007870863660000001,
        0.008140487660000001,
        0.008295613660000001,
        0.008542696660000001,
        0.00801465466,
        0.007971738660000002,
        0.00797457166,
        0.007677780660000001,
        0.007719780660000002,
        0.007672155660000001,
        0.00784269666,
        0.007708279660000001,
        0.00783848866,
        0.007892446660000002,
        0.008656487660000002,
        0.00771057166,
        0.008939113660000001,
        0.00813353066,
        0.007933946660000002,
        0.008187612660000001,
        0.007865613660000001,
        0.009107405660000002,
        0.008565029660000001,
        0.008224280660000001,
        0.00792102966,
        0.008039946660000002,
        0.00793398766,
        0.007993071660000002,
        0.007882738660000001,
        0.00785527966,
        0.007995946660000001,
        0.008113280660000001,
        0.008258321660000002,
        0.00782182166,
        0.008066821660000001,
        0.00784057166,
        0.008203613660000001,
        0.008295404660000002,
        0.00809811266,
        0.00820778066,
        0.008023446660000001,
        0.008027363660000002,
        0.008043905660000001,
        0.008029196660000001,
        0.008282321660000001,
        0.008890863660000001,
        0.00886290466,
        0.008407654660000001,
        0.00793040566,
        0.008179946660000001,
        0.00814515466,
        0.007978155660000001,
        0.00809244666,
        0.00787207166,
        0.007929488660000001,
        0.008850279660000002,
        0.00850369666,
        0.00814490466,
        0.008026404660000002,
        0.007972279660000001,
        0.008394238660000001,
        0.007932779660000002,
        0.00793773866,
        0.008171279660000001,
        0.0076394046600000015,
        0.00777119666,
        0.007958779660000002,
        0.007754696660000001,
        0.008010905660000001,
        0.00897598766,
        0.008587113660000001,
        0.008143779660000001,
        0.007854196660000002,
        0.008287321660000001,
        0.00790357166,
        0.00792048866,
        0.008134571660000001,
        0.007905696660000001,
        0.00795007166,
        0.008177029660000001,
        0.008035488660000001,
        0.007836363660000002,
        0.007864654660000001,
        0.008070779660000001,
        0.007883238660000002,
        0.008102529660000002,
        0.008175738660000001,
        0.008069654660000002,
        0.008074654660000001,
        0.007938988660000002,
        0.007839238660000001,
        0.00803669666,
        0.00798440566,
        0.00931303066,
        0.008380405660000001,
        0.00790998866,
        0.00809548866,
        0.008189905660000002,
        0.008169571660000001,
        0.00795765466,
        0.008135196660000002,
        0.007969821660000001,
        0.00812919666,
        0.008363237660000002,
        0.008402071660000001,
        0.00806411366,
        0.008416029660000001,
        0.007958071660000001,
        0.007992779660000001,
        0.008658738660000002,
        0.007980363660000002,
        0.008036113660000002,
        0.0077768216600000006,
        0.00811402966,
        0.007746655660000001,
        0.00811915466,
        0.00813003066,
        0.00905848866,
        0.00896644666,
        0.008358446660000001,
        0.00858148866,
        0.008366863660000001,
        0.010732029660000001,
        0.009234321660000001,
        0.008391446660000001,
        0.008114988660000001,
        0.00800548866,
        0.00827690466,
        0.00807227966,
        0.00892636366,
        0.00791044666,
        0.00794715466,
        0.00789315466,
        0.008018946660000002,
        0.00804673866,
        0.007771029660000001,
        0.00813582166,
        0.007649029660000001,
        0.008035112660000001,
        0.008081321660000002,
        0.00936102966,
        0.00864265466,
        0.008399487660000001,
        0.009080654660000001,
        0.008300738660000001,
        0.009138737660000002,
        0.008249529660000001,
        0.00809186266,
        0.007866988660000001,
        0.008402279660000001,
        0.007737571660000001,
        0.007825280660000001,
        0.00807228066,
        0.00787673766,
        0.008093571660000002,
        0.008002237660000001,
        0.00830557166
      ],