{
  "results": [
    {
      "command": "/opt/homebrew/bin/git -c user.email=b@b -c user.name=bench -c init.defaultBranch=main -c commit.gpgsign=false -C /tmp/grit-bench-everyday/repo-L cherry-pick -n bench-alt 2>/dev/null; /opt/homebrew/bin/git -c user.email=b@b -c user.name=bench -c init.defaultBranch=main -c commit.gpgsign=false -C /tmp/grit-bench-everyday/repo-L reset -q --hard 2>/dev/null; true",
      "mean": 0.014649239253333326,
      "stddev": 0.0008835006334579062,
      "median": 0.01452470342,
      "user": 0.006849679393939394,
      "system": 0.04138286878787878,
      "min": 0.013402432419999999,
      "max": 0.02166189142,
      "times": [
        0.01372447442,
        0.01410080742,
        0.01430205742,
        0.01404751542,
        0.014981057419999999,
        0.014541599419999999,
        0.015415224419999998,
        0.014459016419999998,
        0.01492009942,
        0.01410355742,
        0.01431272342,
        0.01483684842,
        0.01439501542,
        0.014680015420000001,
        0.013758140419999999,
        0.01401134942,
        0.01435189042,
        0.01392118242,
        0.013964849420000001,
        0.014970598420000002,
        0.01479922342,
        0.013852932419999998,
        0.013402432419999999,
        0.014478723419999999,
        0.015177515419999999,
        0.01528251542,
        0.01624264042,
        0.01565930742,
        0.015568765419999998,
        0.01564564042,
        0.01544355742,
        0.01610589042,
        0.015495641420000001,
        0.01542551542,
        0.01516109942,
        0.01438243242,
        0.014226807420000001,
        0.014811099420000001,
        0.014747182420000001,
        0.015487724420000001,
        0.01565897342,
        0.014759224420000001,
        0.014927932420000001,
        0.01489234942,
        0.014551849419999999,
        0.01418559942,
        0.01426818242,
        0.014626141419999999,
        0.01456397442,
        0.01466368242,
        0.01542609842,
        0.01446664042,
        0.014280224420000001,
        0.01473284842,
        0.01459043242,
        0.01458422442,
        0.01628943242,
        0.014933099419999998,
        0.01617422342,
        0.01454647342,
        0.014271099419999999,
        0.01414305742,
        0.01420118242,
        0.01521209942,
        0.01451305742,
        0.01415684842,
        0.01482930742,
        0.014657182420000001,
        0.014296141419999998,
        0.01485759942,
        0.01377480742,
        0.013724391419999999,
        0.01492230742,
        0.015336265419999998,
        0.01473697442,
        0.01455259842,
        0.01433276542,
        0.014307682419999999,
        0.014036641419999999,
        0.014138349420000001,
        0.01488918242,
        0.01395130742,
        0.01384572442,
        0.01464072442,
        0.01387530742,
        0.013946432419999998,
        0.014202932420000002,
        0.01364589042,
        0.01427172442,
        0.015414599420000001,
        0.01534734942,
        0.014906641419999998,
        0.015038140419999999,
        0.01514014042,
        0.01406893242,
        0.013913890419999998,
        0.01427559942,
        0.014341265419999999,
        0.014470182420000002,
        0.01485576542,
        0.02166189142,
        0.014996390419999998,
        0.01663314142,
        0.015205432420000001,
        0.015230057419999998,
        0.01540389042,
        0.01579076542,
        0.014329640420000001,
        0.01402989142,
        0.01440180742,
        0.01381451542,
        0.014616974420000001,
        0.015157932419999999,
        0.013940099420000001,
        0.01453634942,
        0.01435676642,
        0.01391522442,
        0.01451043242,
        0.013827890419999999,
        0.013797849420000001,
        0.01435289042,
        0.01386839142,
        0.01461197442,
        0.01464734942,
        0.013431265420000001,
        0.01411443242,
        0.01420776542,
        0.01435914042,
        0.01393651542,
        0.013875349419999999,
        0.01355330742,
        0.014225891420000001
      ],
      "memory_usage_byte": [
        7684096,
        7684096,
        7684096,
        7684096,
        7684096,
        7684096,
        7684096,
        7684096,
        7684096,
        7684096,
        7684096,
        7684096,
        7684096,
        7684096,
        7684096,
        7684096,
        7684096,
        7684096,
        7684096,
        7684096,
        7684096,
        7684096,
        7684096,
        7684096,
        7684096,
        7684096,
        7684096,
        7684096,
        7684096,
        7684096,
        7684096,
        7684096,
        7684096,
        7684096,
        7684096,
        7684096,
        7684096,
        7684096,
        7684096,
        7684096,
        7684096,
        7684096,
        7684096,
        7684096,
        7684096,
        7684096,
        7684096,
        7684096,
        7684096,
        7684096,
        7684096,
        7684096,
        7684096,
        7684096,
        7684096,
        7684096,
        7684096,
        7684096,
        7684096,
        7684096,
        7684096,
        7684096,
        7684096,
        7684096,
        7684096,
        7684096,
        7684096,
        7684096,
        7684096,
        7684096,
        7684096,
        7684096,
        7684096,
        7684096,
        7684096,
        7684096,
        7684096,
        7684096,
        7684096,
        7684096,
        7684096,
        7684096,
        7684096,
        7684096,
        7684096,
        7684096,
        7684096,
        7684096,
        7684096,
        7684096,
        7684096,
        7684096,
        7684096,
        7684096,
        7684096,
        7684096,
        7684096,
        7684096,
        7684096,
        7684096,
        7684096,
        7684096,
        7684096,
        7684096,
        7684096,
        7684096,
        7684096,
        7684096,
        7684096,
        7684096,
        7684096,
        7684096,
        7684096,
        7684096,
        7684096,
        7684096,
        7684096,
        7684096,
        7684096,
        7684096,
        7684096,
        7684096,
        7684096,
        7684096,
        7684096,
        7684096,
        7684096,
        7684096,
        7684096,
        7684096,
        7684096,
        7684096
      ],