{
  "results": [
    {
      "command": "/opt/homebrew/bin/git -c user.email=b@b -c user.name=bench -c init.defaultBranch=main -c commit.gpgsign=false -C /tmp/grit-bench-everyday/repo-H cherry-pick -n bench-alt 2>/dev/null; /opt/homebrew/bin/git -c user.email=b@b -c user.name=bench -c init.defaultBranch=main -c commit.gpgsign=false -C /tmp/grit-bench-everyday/repo-H reset -q --hard 2>/dev/null; true",
      "mean": 0.017234884720449446,
      "stddev": 0.0022936952282972853,
      "median": 0.01633886108,
      "user": 0.007866319325842695,
      "system": 0.008206829213483148,
      "min": 0.014613862080000001,
      "max": 0.02518815408,
      "times": [
        0.017684612080000002,
        0.01759261208,
        0.01653444508,
        0.01629182008,
        0.01631173708,
        0.015779195080000002,
        0.01711777908,
        0.015057862080000001,
        0.015515487080000001,
        0.01506282008,
        0.01598965308,
        0.015037487080000002,
        0.015728237080000002,
        0.014948403080000002,
        0.01597273708,
        0.014613862080000001,
        0.015186070079999999,
        0.015583820080000001,
        0.01562173608,
        0.01756190308,
        0.01582236208,
        0.01549411208,
        0.015622445080000002,
        0.015722945080000002,
        0.01499036108,
        0.01633886108,
        0.01556165408,
        0.01502615308,
        0.01540777808,
        0.015438861080000001,
        0.01579782008,
        0.015938820080000003,
        0.01761957008,
        0.01604457008,
        0.016096278080000002,
        0.015808362080000003,
        0.01545332008,
        0.015249403080000001,
        0.01538090408,
        0.014931195080000001,
        0.01561590308,
        0.02518815408,
        0.022949695080000002,
        0.01965940408,
        0.02290098708,
        0.020737612080000002,
        0.02225986208,
        0.02153532008,
        0.023612029080000003,
        0.01970715308,
        0.02048690408,
        0.01998661108,
        0.01752815408,
        0.01680227808,
        0.01936602908,
        0.01783519508,
        0.01690169508,
        0.01617961108,
        0.01664319508,
        0.01655369508,
        0.01839757008,
        0.022350987080000002,
        0.01790923708,
        0.01689248708,
        0.01622569508,
        0.01667307008,
        0.01741311208,
        0.01628061208,
        0.01624561108,
        0.01926719508,
        0.01955557008,
        0.021799362080000002,
        0.01683644508,
        0.01698061108,
        0.01637590308,
        0.01623802808,
        0.01629807008,
        0.01506077808,
        0.018762570080000002,
        0.016495778080000002,
        0.01623777908,
        0.018928695080000002,
        0.020342236080000003,
        0.019258945080000003,
        0.01707365308,
        0.01640277808,
        0.01636957008,
        0.01608061208,
        0.01576423708
      ],
      "memory_usage_byte": [
        7520256,
        7520256,
        7520256,
        7520256,
        7520256,
        7520256,
        7520256,
        7520256,
        7520256,
        7520256,
        7520256,
        7520256,
        7520256,
        7520256,
        7520256,
        7520256,
        7520256,
        7520256,
        7520256,
        7520256,
        7520256,
        7520256,
        7520256,
        7520256,
        7520256,
        7520256,
        7520256,
        7520256,
        7520256,
        7520256,
        7520256,
        7520256,
        7520256,
        7520256,
        7520256,
        7520256,
        7520256,
        7520256,
        7520256,
        7520256,
        7520256,
        8093696,
        8093696,
        8093696,
        8093696,
        8093696,
        8093696,
        8093696,
        8093696,
        8093696,
        8093696,
        8093696,
        8093696,
        8093696,
        8093696,
        8093696,
        8093696,
        8093696,
        8093696,
        8093696,
        8093696,
        8093696,
        8093696,
        8093696,
        8093696,
        8093696,
        8093696,
        8093696,
        8093696,
        8093696,
        8093696,
        8093696,
        8093696,
        8093696,
        8093696,
        8093696,
        8093696,
        8093696,
        8093696,
        8093696,
        8093696,
        8093696,
        8093696,
        8093696,
        8093696,
        8093696,
        8093696,
        8093696,
        8093696
      ],
      "exit_codes": [
        0,
        0,
        0,
        0,
        0,
        0,
        0,
        0,
        0,
        0,
        0,
        0,
        0,
        0,
        0,
        0,
        0,
        0,
        0,
        0,
        0,
        0,
        0,
        0,
        0,
        0,
        0,
        0,
        0,
        0,
        0,
        0,
        0,
        0,
        0,
        0,
        0,
        0,
        0,
        0,
        0,
        0,
        0,
        0,
        0,
        0,
        0,
        0,
        0,
        0,
        0,
        0,
        0,
        0,
        0,
        0,
        0,
        0,
        0,
        0,
        0,
        0,
        0,
        0,
        0,
        0,
        0,
        0,
        0,
        0,
        0,
        0,
        0,
        0,
        0,
        0,
        0,
        0,
        0,
        0,
        0,
        0,
        0,
        0,
        0,
        0,
        0,
        0,
        0
      ]
    },
    {
      "command": "/Users/schacon/projects/grit-claude/target/release/grit -C /tmp/grit-bench-everyday/repo-H cherry-pick -n bench-alt 2>/dev/null; /opt/homebrew/bin/git -c user.email=b@b -c user.name=bench -c init.defaultBranch=main -c commit.gpgsign=false -C /tmp/grit-bench-everyday/repo-H reset -q --hard 2>/dev/null; true",
      "mean": 0.04039307238188678,
      "stddev": 0.0032610943639637506,
      "median": 0.03945936208,
      "user": 0.013503138490566035,
      "system": 0.025776558490566034,
      "min": 0.037275236079999996,
      "max": 0.05685340408,
      "times": [
        0.04131890308,
        0.04926427908,
        0.04879398608,
        0.05685340408,
        0.04372011208,
        0.04182623708,
        0.04201265308,
        0.04129936208,
        0.03964732008,
        0.04028536208,
        0.04060994508,
        0.04002082008,
        0.04338640308,
        0.04103269508,
        0.04266873608,
        0.04119177808,
        0.041321237079999996,
        0.040301237079999996,
        0.03945936208,
        0.04160165308,
        0.03976615408,
        0.04000277908,
        0.03935632008,
        0.03941190308,
        0.03863561208,
        0.039612986079999996,
        0.04081857008,
        0.03880448708,
        0.03927327808,
        0.03929948708,
        0.03930102808,
        0.03899240308,
        0.03895673708,
        0.03860732008,
        0.03806552808,
        0.04038157008,
        0.03940298608,
        0.03914461208,
        0.039383195079999996,
        0.03942123608,
        0.03977611208,
        0.03968911108,
        0.037722611079999996,
        0.03806477808,
        0.03799002808,
        0.03896477808,
        0.03751961208,
        0.037275236079999996,
        0.03874707008,
        0.03867823608,
        0.037984278079999996,
        0.037624029079999996,
        0.03754327808
      ],