{
  "results": [
    {
      "command": "/opt/homebrew/bin/git -c user.email=b@b -c user.name=bench -c init.defaultBranch=main -c commit.gpgsign=false clone -q /tmp/grit-bench-everyday/repo-H /tmp/grit-bench-everyday/clone-dst",
      "mean": 0.28126964182,
      "stddev": 0.004661186700294884,
      "median": 0.28071261242,
      "user": 0.012274819999999999,
      "system": 0.26513970000000003,
      "min": 0.27379998692,
      "max": 0.29057473792000005,
      "times": [
        0.27842161292000006,
        0.27701523792000005,
        0.29057473792000005,
        0.27379998692,
        0.28538361292000003,
        0.28261748792,
        0.28002936292,
        0.28139586192000005,
        0.27996432092,
        0.28349419592
      ],
      "memory_usage_byte": [
        8814592,
        8814592,
        8814592,
        8814592,
        8814592,
        8814592,
        8814592,
        8814592,
        8814592,
        8814592
      ],
      "exit_codes": [
        0,
        0,
        0,
        0,
        0,
        0,
        0,
        0,
        0,
        0
      ]
    },
    {
      "command": "/Users/schacon/projects/grit-claude/target/release/grit clone -q /tmp/grit-bench-everyday/repo-H /tmp/grit-bench-everyday/clone-dst",
      "mean": 0.36484674182,
      "stddev": 0.006926814249986439,
      "median": 0.36336707092000003,
      "user": 0.04475142,
      "system": 0.3173711,
      "min": 0.35784394592,
      "max": 0.37803961192,
      "times": [
        0.36651169592000005,
        0.36486661292000006,
        0.36186752892,
        0.35848036292,
        0.37426861292,
        0.35784394592,
        0.35992140492,
        0.35892086192000006,
        0.36774677992000004,
        0.37803961192
      ],
      "memory_usage_byte": [
        11681792,
        11681792,
        11681792,
        11681792,
        11681792,
        11681792,
        11894784,
        11894784,
        11894784,
        11894784
      ],
      "exit_codes": [
        0,
        0,
        0,
        0,
        0,
        0,
        0,
        0,
        0,
        0
      ]
    }
  ]
}
