{
  "results": [
    {
      "command": "/opt/homebrew/bin/git -c user.email=b@b -c user.name=bench -c init.defaultBranch=main -c commit.gpgsign=false -C /tmp/grit-bench-everyday/repo-L commit -q -m b",
      "mean": 0.021298286498987337,
      "stddev": 0.0013342677976314109,
      "median": 0.021100032980000002,
      "user": 0.009595575443037973,
      "system": 0.044448653417721515,
      "min": 0.01980311698,
      "max": 0.03029311698,
      "times": [
        0.02276740898,
        0.02272294998,
        0.022808158980000003,
        0.021805699980000003,
        0.023603574980000003,
        0.02180628398,
        0.023204741980000002,
        0.02212640898,
        0.022709157980000002,
        0.021782116980000002,
        0.021683241980000004,
        0.02134565898,
        0.021608574980000003,
        0.022206657980000002,
        0.02151957498,
        0.020966865980000002,
        0.020896408980000003,
        0.02247007498,
        0.021100032980000002,
        0.021596408980000002,
        0.02169540898,
        0.021701824980000003,
        0.021553615980000003,
        0.021465033980000003,
        0.022064616980000003,
        0.021602241980000002,
        0.021061532980000002,
        0.02119474198,
        0.022103407980000003,
        0.021779407980000002,
        0.021159824980000002,
        0.021269866980000003,
        0.02102032498,
        0.021204699980000002,
        0.020658865980000003,
        0.020641615980000003,
        0.021421740980000003,
        0.02152282498,
        0.021380282980000002,
        0.02327894998,
        0.021436408980000002,
        0.02149036698,
        0.02062090898,
        0.020806199980000002,
        0.020590282980000003,
        0.02128057498,
        0.020170407980000003,
        0.020931699980000003,
        0.020345865980000002,
        0.02103019998,
        0.020563699980000003,
        0.02209428298,
        0.020467449980000003,
        0.02067265898,
        0.020212699980000002,
        0.02065749198,
        0.02074140898,
        0.01994740798,
        0.021009115980000003,
        0.01991369998,
        0.02033824198,
        0.020397740980000002,
        0.020239657980000002,
        0.021329824980000002,
        0.020701657980000003,
        0.020646574980000002,
        0.019941657980000003,
        0.020234865980000002,
        0.02018924198,
        0.020652907980000003,
        0.01980311698,
        0.020401741980000002,
        0.020179115980000002,
        0.02003703298,
        0.02060161698,
        0.020827490980000002,
        0.03029311698,
        0.020005033980000003,
        0.02025032498
      ],
      "memory_usage_byte": [
        9207808,
        9207808,
        9207808,
        9207808,
        9207808,
        9224192,
        9224192,
        9224192,
        9224192,
        9224192,
        9224192,
        9224192,
        9224192,
        9224192,
        9224192,
        9224192,
        9224192,
        9224192,
        9224192,
        9224192,
        9224192,
        9224192,
        9224192,
        9224192,
        9224192,
        9224192,
        9224192,
        9224192,
        9224192,
        9224192,
        9224192,
        9224192,
        9224192,
        9224192,
        9224192,
        9224192,
        9224192,
        9224192,
        9224192,
        9224192,
        9224192,
        9224192,
        9224192,
        9224192,
        9224192,
        9224192,
        9224192,
        9224192,
        9224192,
        9224192,
        9224192,
        9224192,
        9224192,
        9224192,
        9224192,
        9224192,
        9224192,
        9224192,
        9224192,
        9224192,
        9224192,
        9224192,
        9224192,
        9224192,
        9224192,
        9224192,
        9224192,
        9224192,
        9224192,
        9224192,
        9224192,
        9224192,
        9224192,
        9224192,
        9224192,
        9224192,
        9371648,
        9371648,
        9371648
      ],
      "exit_codes": [
        0,
        0,
        0,
        0,
        0,
        0,
        0,
        0,
        0,
        0,
        0,
        0,
        0,
        0,
        0,
        0,
        0,
        0,
        0,
        0,
        0,
        0,
        0,
        0,
        0,
        0,
        0,
        0,
        0,
        0,
        0,
        0,
        0,
        0,
        0,
        0,
        0,
        0,
        0,
        0,
        0,
        0,
        0,
        0,
        0,
        0,
        0,
        0,
        0,
        0,
        0,
        0,
        0,
        0,
        0,
        0,
        0,
        0,
        0,
        0,
        0,
        0,
        0,
        0,
        0,
        0,
        0,
        0,
        0,
        0,
        0,
        0,
        0,
        0,
        0,
        0,
        0,
        0,
        0
      ]
    },
    {
      "command": "/Users/schacon/projects/grit-claude/target/release/grit -C /tmp/grit-bench-everyday/repo-L commit -q -m b",
      "mean": 0.44349363328,
      "stddev": 0.013187610027264766,
      "median": 0.44462307498,
      "user": 0.06888833999999999,
      "system": 0.3726657799999999,
      "min": 0.42435919998,
      "max": 0.46061765798,
      "times": [
        0.44986157498,
        0.46061765798,
        0.45501428298,
        0.45656994998,
        0.45396699198,
        0.43289707498,
        0.43938457498,
        0.43405957498000003,
        0.42435919998,
        0.42820544998
      ],
      "memory_usage_byte": [
        16400384,
        16400384,
        16400384,
        16400384,
        16400384,
        16400384,
        16400384,
        16400384,
        16400384,
        16400384
      ],
      "exit_codes": [
        0,
        0,
        0,
        0,
        0,
        0,
        0,
        0,
        0,
        0
      ]
    }
  ]
}
