{
  "results": [
    {
      "command": "/opt/homebrew/bin/git -c user.email=b@b -c user.name=bench -c init.defaultBranch=main -c commit.gpgsign=false -C /tmp/grit-bench-everyday/repo-H commit -q -m b",
      "mean": 0.011200392888484852,
      "stddev": 0.004922006130062345,
      "median": 0.00906619244,
      "user": 0.00531212787878788,
      "system": 0.0050186836363636375,
      "min": 0.00877735944,
      "max": 0.039562233440000004,
      "times": [
        0.00922277544,
        0.00923427544,
        0.009210775440000001,
        0.00920073444,
        0.00926115144,
        0.009045233440000001,
        0.008920609440000001,
        0.009013275440000001,
        0.008914650440000001,
        0.00891460944,
        0.009166859440000001,
        0.00904981744,
        0.00897702644,
        0.00929294244,
        0.00927840144,
        0.00900719244,
        0.00927265044,
        0.009147984440000001,
        0.00927094244,
        0.00897135944,
        0.00906619244,
        0.00904135944,
        0.009129067440000001,
        0.00908619244,
        0.009121526440000001,
        0.009016650440000001,
        0.008965276440000001,
        0.009180108440000001,
        0.009446359440000001,
        0.009020400440000001,
        0.008849567440000001,
        0.00902502644,
        0.00905202544,
        0.009020858440000001,
        0.009062942440000001,
        0.00894035844,
        0.009135942440000001,
        0.008836525440000001,
        0.00907931744,
        0.009050609440000001,
        0.00947948344,
        0.00888498344,
        0.00904235944,
        0.009095151440000001,
        0.00891027644,
        0.008950983440000001,
        0.00959102644,
        0.00906960844,
        0.008900192440000001,
        0.009383609440000001,
        0.00936060944,
        0.00893815044,
        0.00892206744,
        0.00887410844,
        0.00897377544,
        0.00910698444,
        0.008893442440000001,
        0.00897448344,
        0.00936398444,
        0.00910402544,
        0.008977025440000001,
        0.009020067440000001,
        0.00906385944,
        0.009762900440000001,
        0.00913544244,
        0.00894281744,
        0.00888965044,
        0.00910765044,
        0.00893052544,
        0.00898631744,
        0.009027483440000001,
        0.009673692440000001,
        0.00910390044,
        0.008967692440000001,
        0.00896552544,
        0.008911275440000001,
        0.009146317440000001,
        0.019858317440000002,
        0.02012344244,
        0.02171190044,
        0.02121731744,
        0.02067319244,
        0.02165873344,
        0.02088681744,
        0.02095540044,
        0.02106352544,
        0.02115406744,
        0.02086594244,
        0.020996692440000003,
        0.02087769244,
        0.02078865144,
        0.02087927544,
        0.02144502544,
        0.02092544244,
        0.021574525440000002,
        0.021514608440000003,
        0.02212040044,
        0.02445044244,
        0.02239590044,
        0.022294233440000002,
        0.02122365144,
        0.039562233440000004,
        0.01060490044,
        0.021257984440000002,
        0.010447442440000001,
        0.00993252644,
        0.010363609440000001,
        0.01004969244,
        0.01015402544,
        0.01032052544,
        0.01085619244,
        0.010339026440000001,
        0.01004544244,
        0.00967615144,
        0.00972040044,
        0.00978919244,
        0.01000731744,
        0.00957619244,
        0.00934381744,
        0.00905635944,
        0.00900160944,
        0.009006858440000001,
        0.008916275440000001,
        0.00895456744,
        0.008798358440000001,
        0.009054567440000001,
        0.00877735944,
        0.00906510944,
        0.00894615044,
        0.008911150440000001,
        0.00885452544,
        0.00899819244,
        0.009751567440000001,
        0.009891984440000001,
        0.008804817440000001,
        0.00886315044,
        0.00900573344,
        0.00896410844,
        0.009773776440000001,
        0.00887377544,
        0.00891306744,
        0.00953081744,
        0.00903256744,
        0.00896060844,
        0.00887969244,
        0.00886540144,
        0.00877902644,
        0.00887519244,
        0.00909531744,
        0.009043358440000001,
        0.00893594244,
        0.00880810844,
        0.008819984440000001,
        0.008944108440000001,
        0.008945067440000001,
        0.00917777644,
        0.008915359440000001,
        0.00898385944,
        0.00884869244,
        0.009127650440000001,
        0.00894898344,
        0.009056900440000001,
        0.008894692440000001,
        0.00880531744,
        0.00897444244
      ],
      "memory_usage_byte": [
        7569408,
        7569408,
        7569408,
        7569408,
        7569408,
        7569408,
        7569408,
        7569408,
        7569408,
        7569408,
        7569408,
        7569408,
        7569408,
        7569408,
        7569408,
        7569408,
        7569408,
        7569408,
        7569408,
        7569408,
        7569408,
        7569408,
        7569408,
        7569408,
        7569408,
        7569408,
        7569408,
        7569408,
        7569408,
        7569408,
        7569408,
        7569408,
        7569408,
        7569408,
        7569408,
        7569408,
        7569408,
        7569408,
        7569408,
        7569408,
        7585792,
        7585792,
        7585792,
        7585792,
        7585792,
        7585792,
        7585792,
        7585792,
        7585792,
        7585792,
        7585792,
        7585792,
        7585792,
        7585792,
        7585792,
        7585792,
        7585792,
        7585792,
        7585792,
        7585792,
        7585792,
        7585792,
        7585792,
        7585792,
        7585792,
        7585792,
        7585792,
        7585792,
        7585792,
        7585792,
        7585792,
        7831552,
        7831552,
        7831552,
        7831552,
        7831552,
        7831552,
        7831552,
        7831552,
        7831552,
        7831552,
        7831552,
        7831552,
        7831552,
        7831552,
        7831552,
        7831552,
        7831552,
        7831552,
        7831552,
        7831552,
        7831552,
        7831552,
        7831552,
        7831552,
        7831552,
        7831552,
        7831552,
        7831552,
        7831552,
        7831552,
        8077312,
        8077312,
        8077312,
        8077312,
        8077312,
        8077312,
        8077312,
        8077312,
        8077312,
        8077312,
        8077312,
        8077312,
        8077312,
        8077312,
        8077312,
        8077312,
        8077312,
        8077312,
        8077312,
        8077312,
        8077312,
        8077312,
        8077312,
        8077312,
        8077312,
        8077312,
        8077312,
        8077312,
        8077312,
        8077312,
        8077312,
        8077312,
        8077312,
        8077312,
        8077312,
        8077312,
        8077312,
        8077312,
        8077312,
        8077312,
        8077312,
        8077312,
        8077312,
        8077312,
        8077312,
        8077312,
        8077312,
        8077312,
        8077312,
        8077312,
        8077312,
        8077312,
        8077312,
        8077312,
        8077312,
        8077312,
        8077312,
        8077312,
        8077312,
        8077312,
        8077312,
        8077312,
        8077312,
        8077312
      ],