{
  "results": [
    {
      "command": "/opt/homebrew/bin/git -c user.email=b@b -c user.name=bench -c init.defaultBranch=main -c commit.gpgsign=false -C /tmp/grit-bench-everyday/repo-S commit -q -m b",
      "mean": 0.008637691263195264,
      "stddev": 0.000485010603412233,
      "median": 0.008518985920000001,
      "user": 0.004204612899408283,
      "system": 0.0038348717159763313,
      "min": 0.00801886192,
      "max": 0.01140427792,
      "times": [
        0.00881381992,
        0.010892902920000001,
        0.01128702892,
        0.01140427792,
        0.009267527920000001,
        0.00923652892,
        0.00893273592,
        0.00912036192,
        0.00884598592,
        0.00893215292,
        0.008618694920000001,
        0.00882502892,
        0.00838394492,
        0.00838986192,
        0.00861656992,
        0.00943431992,
        0.00928523592,
        0.00861161192,
        0.00846065292,
        0.009105403920000001,
        0.00843873592,
        0.008784153920000001,
        0.00834702792,
        0.00905448692,
        0.00853631992,
        0.00861094492,
        0.00831698692,
        0.008375944920000001,
        0.008236028920000001,
        0.00870981992,
        0.00840469492,
        0.00892944492,
        0.00878352792,
        0.00937794492,
        0.008421402920000001,
        0.00843694492,
        0.00840027892,
        0.00852898692,
        0.00827523692,
        0.00874523692,
        0.008488236920000001,
        0.008696486920000001,
        0.00850015292,
        0.00813536192,
        0.00843115292,
        0.00890240292,
        0.00831923692,
        0.00820806992,
        0.00818594492,
        0.008795569920000001,
        0.008179694920000001,
        0.00844773692,
        0.008205486920000001,
        0.00816681992,
        0.008242902920000001,
        0.00878540392,
        0.00948623692,
        0.00869048692,
        0.00848361092,
        0.00877290392,
        0.00828515392,
        0.00838102892,
        0.00827711192,
        0.00864869492,
        0.00833998692,
        0.00835602792,
        0.00879740392,
        0.00900419492,
        0.008460944920000001,
        0.00840469492,
        0.00819231992,
        0.00840040392,
        0.00838861192,
        0.00807619492,
        0.00801886192,
        0.008567360920000001,
        0.008240236920000001,
        0.00819119492,
        0.008082236920000001,
        0.00831977792,
        0.009134152920000001,
        0.00897631992,
        0.00869448592,
        0.00887302792,
        0.00873586192,
        0.00823365292,
        0.00844115292,
        0.008107402920000001,
        0.00812631992,
        0.00821006992,
        0.00897856992,
        0.00852702892,
        0.00823665392,
        0.00825056992,
        0.008446944920000001,
        0.00839898692,
        0.008303402920000001,
        0.008184486920000001,
        0.00841681992,
        0.00818636092,
        0.00815498592,
        0.00830377792,
        0.008534277920000001,
        0.00933577792,
        0.00901940292,
        0.00827219492,
        0.00832444492,
        0.008505944920000001,
        0.008640403920000001,
        0.00818781992,
        0.00817544492,
        0.008276110920000001,
        0.00921036192,
        0.008219694920000001,
        0.008615777920000001,
        0.00878686092,
        0.00860877892,
        0.008689236920000001,
        0.00864527892,
        0.00850423692,
        0.00851931992,
        0.00876461192,
        0.00834815292,
        0.00868831992,
        0.00918965392,
        0.008460236920000001,
        0.00830081992,
        0.00884273692,
        0.00850456992,
        0.00836665392,
        0.00819594492,
        0.00876098692,
        0.009438736920000001,
        0.00878090292,
        0.009114611920000001,
        0.00826940292,
        0.008420944920000001,
        0.00845169492,
        0.00864956992,
        0.00841273692,
        0.00839790292,
        0.00816031992,
        0.008679569920000001,
        0.00831077792,
        0.008380819920000001,
        0.008625236920000001,
        0.009445944920000001,
        0.008913319920000001,
        0.00894448592,
        0.008518985920000001,
        0.009342194920000001,
        0.00880627892,
        0.00843719492,
        0.008619735920000001,
        0.008534528920000001,
        0.008552902920000001,
        0.00880940292,
        0.00841061192,
        0.00839802792,
        0.00835056992,
        0.008879778920000001,
        0.00932744492,
        0.00914252792,
        0.00870140292,
        0.00901473692,
        0.008465028920000001,
        0.00879181992,
        0.00892431992,
        0.009195110920000001
      ],
      "memory_usage_byte": [
        6782976,
        6782976,
        6782976,
        6782976,
        6782976,
        6782976,
        6782976,
        6979584,
        6979584,
        6979584,
        6979584,
        6979584,
        6979584,
        6979584,
        6979584,
        6979584,
        6979584,
        6979584,
        6979584,
        6979584,
        6979584,
        6979584,
        6979584,
        6979584,
        6979584,
        6979584,
        6979584,
        6979584,
        6979584,
        6979584,
        6979584,
        7012352,
        7012352,
        7012352,
        7012352,
        7012352,
        7012352,
        7012352,
        7012352,
        7012352,
        7012352,
        7012352,
        7012352,
        7012352,
        7012352,
        7012352,
        7012352,
        7012352,
        7012352,
        7012352,
        7012352,
        7012352,
        7012352,
        7012352,
        7012352,
        7012352,
        7012352,
        7012352,
        7012352,
        7012352,
        7012352,
        7012352,
        7012352,
        7012352,
        7012352,
        7012352,
        7012352,
        7012352,
        7012352,
        7012352,
        7012352,
        7012352,
        7012352,
        7012352,
        7012352,
        7012352,
        7012352,
        7012352,
        7012352,
        7012352,
        7012352,
        7012352,
        7012352,
        7012352,
        7012352,
        7012352,
        7012352,
        7012352,
        7012352,
        7012352,
        7012352,
        7012352,
        7012352,
        7012352,
        7012352,
        7012352,
        7012352,
        7012352,
        7012352,
        7012352,
        7012352,
        7012352,
        7012352,
        7012352,
        7012352,
        7012352,
        7012352,
        7012352,
        7012352,
        7012352,
        7012352,
        7012352,
        7012352,
        7012352,
        7012352,
        7012352,
        7012352,
        7012352,
        7012352,
        7012352,
        7012352,
        7012352,
        7012352,
        7012352,
        7012352,
        7012352,
        7012352,
        7012352,
        7012352,
        7012352,
        7012352,
        7012352,
        7012352,
        7012352,
        7012352,
        7012352,
        7012352,
        7012352,
        7012352,
        7012352,
        7012352,
        7012352,
        7012352,
        7012352,
        7012352,
        7012352,
        7012352,
        7012352,
        7012352,
        7012352,
        7012352,
        7012352,
        7012352,
        7012352,
        7012352,
        7012352,
        7012352,
        7012352,
        7012352,
        7012352,
        7012352,
        7012352,
        7012352,
        7012352,
        7012352,
        7012352,
        7012352,
        7012352,
        7012352
      ],