{
  "results": [
    {
      "command": "/opt/homebrew/bin/git -c user.email=b@b -c user.name=bench -c init.defaultBranch=main -c commit.gpgsign=false -C /tmp/grit-bench-everyday/repo-M commit -q -m b",
      "mean": 0.010429774802162155,
      "stddev": 0.00384174239969776,
      "median": 0.009930831140000002,
      "user": 0.004649027567567567,
      "system": 0.0055431081081081055,
      "min": 0.009350456140000001,
      "max": 0.055769247140000006,
      "times": [
        0.010874372140000001,
        0.01074574814,
        0.010941831140000002,
        0.00987787214,
        0.010135456140000002,
        0.01043999714,
        0.010019872140000002,
        0.010284206140000002,
        0.010400622140000001,
        0.009792956140000001,
        0.009610330140000001,
        0.009895789140000001,
        0.010175747140000002,
        0.017113414140000005,
        0.013179872140000002,
        0.055769247140000006,
        0.010864247140000002,
        0.010427456140000001,
        0.010470623140000001,
        0.01124966414,
        0.010695706140000002,
        0.010733498140000002,
        0.010743748140000002,
        0.010541622140000002,
        0.009798289140000001,
        0.010050455140000001,
        0.01015949814,
        0.010098664140000001,
        0.009584372140000002,
        0.009554955140000002,
        0.00991312314,
        0.009504372140000002,
        0.009575248140000001,
        0.009899914140000002,
        0.009976581140000001,
        0.010999039140000002,
        0.009799247140000002,
        0.010148330140000002,
        0.009811705140000002,
        0.00954383014,
        0.009982289140000001,
        0.009799747140000002,
        0.010453248140000001,
        0.01057224814,
        0.010018997140000001,
        0.00980270614,
        0.009967706140000001,
        0.00970228914,
        0.009847914140000002,
        0.00985537214,
        0.009592956140000001,
        0.009350456140000001,
        0.009845747140000001,
        0.01148028914,
        0.01048770614,
        0.01014070614,
        0.010524873140000002,
        0.009760497140000001,
        0.00964691414,
        0.00971991414,
        0.009889081140000002,
        0.009499580140000002,
        0.009529789140000001,
        0.009436955140000002,
        0.009962873140000002,
        0.00960353914,
        0.009573872140000002,
        0.009845539140000002,
        0.009868414140000002,
        0.010374830140000001,
        0.009663997140000002,
        0.010748331140000001,
        0.011346080140000001,
        0.013597789140000002,
        0.010381456140000002,
        0.010468414140000002,
        0.01068928914,
        0.010075498140000002,
        0.009715914140000002,
        0.009870623140000001,
        0.009780705140000002,
        0.00966699814,
        0.009870830140000002,
        0.010494872140000002,
        0.01005195514,
        0.009967247140000001,
        0.009928539140000001,
        0.00958324714,
        0.00948741414,
        0.00940520614,
        0.010155623140000002,
        0.009743164140000002,
        0.010559789140000001,
        0.010203539140000002,
        0.009884039140000002,
        0.010080622140000002,
        0.009976372140000002,
        0.010757706140000002,
        0.010194873140000001,
        0.010041414140000001,
        0.009877622140000002,
        0.009702956140000002,
        0.009491164140000001,
        0.009981497140000002,
        0.009505414140000001,
        0.009954706140000002,
        0.010157289140000001,
        0.00998233014,
        0.009608414140000002,
        0.00976328914,
        0.009992331140000001,
        0.009654914140000002,
        0.009463831140000002,
        0.009516164140000002,
        0.009755497140000001,
        0.009442206140000001,
        0.010227830140000001,
        0.01037541414,
        0.01085649714,
        0.01027478914,
        0.00974849814,
        0.00978487314,
        0.010128372140000001,
        0.009782831140000002,
        0.009562289140000001,
        0.00936766414,
        0.009864539140000001,
        0.009933123140000001,
        0.00983220614,
        0.00982870614,
        0.010509498140000002,
        0.01001862214,
        0.010879247140000001,
        0.009650873140000002,
        0.009688956140000001,
        0.009446872140000001,
        0.009384498140000001,
        0.009685789140000001,
        0.009729664140000002,
        0.010016706140000001,
        0.010948664140000001,
        0.01062945514,
        0.010119581140000002,
        0.009878748140000001,
        0.009777456140000002,
        0.009769539140000002,
        0.010282997140000001,
        0.009842122140000001
      ],
      "memory_usage_byte": [
        7421952,
        7421952,
        7421952,
        7421952,
        7421952,
        7421952,
        7421952,
        7487488,
        7487488,
        7487488,
        7487488,
        7487488,
        7487488,
        7487488,
        7487488,
        7487488,
        7487488,
        7487488,
        7487488,
        7487488,
        7487488,
        7487488,
        7487488,
        7487488,
        7487488,
        7487488,
        7487488,
        7487488,
        7487488,
        7487488,
        7487488,
        7487488,
        7487488,
        7487488,
        7487488,
        7487488,
        7487488,
        7487488,
        7487488,
        7487488,
        7487488,
        7487488,
        7487488,
        7487488,
        7487488,
        7487488,
        7487488,
        7487488,
        7487488,
        7618560,
        7618560,
        7618560,
        7618560,
        7618560,
        7618560,
        7618560,
        7618560,
        7618560,
        7618560,
        7618560,
        7618560,
        7618560,
        7618560,
        7618560,
        7618560,
        7618560,
        7618560,
        7618560,
        7618560,
        7618560,
        7618560,
        7618560,
        7618560,
        7618560,
        7618560,
        7618560,
        7618560,
        7618560,
        7618560,
        7618560,
        7618560,
        7618560,
        7618560,
        7618560,
        7618560,
        7618560,
        7618560,
        7618560,
        7618560,
        7618560,
        7618560,
        7618560,
        7618560,
        7618560,
        7618560,
        7618560,
        7618560,
        7618560,
        7618560,
        7618560,
        7618560,
        7634944,
        7634944,
        7634944,
        7634944,
        7634944,
        7634944,
        7634944,
        7634944,
        7634944,
        7634944,
        7634944,
        7634944,
        7634944,
        7634944,
        7634944,
        7634944,
        7634944,
        7634944,
        7634944,
        7634944,
        7634944,
        7634944,
        7634944,
        7634944,
        7634944,
        7634944,
        7634944,
        7634944,
        7634944,
        7634944,
        7634944,
        7634944,
        7634944,
        7634944,
        7634944,
        7634944,
        7634944,
        7634944,
        7634944,
        7634944,
        7634944,
        7634944,
        7634944,
        7634944,
        7634944,
        7634944,
        7634944
      ],