{
  "results": [
    {
      "command": "/opt/homebrew/bin/git -c user.email=b@b -c user.name=bench -c init.defaultBranch=main -c commit.gpgsign=false -C /tmp/grit-bench-everyday/repo-L diff",
      "mean": 0.013723111985906731,
      "stddev": 0.001206436767274076,
      "median": 0.013412214960000002,
      "user": 0.005765957202072531,
      "system": 0.04399068062176166,
      "min": 0.01215883996,
      "max": 0.022534506960000002,
      "times": [
        0.01274654796,
        0.01284367396,
        0.013315839960000003,
        0.012660006960000001,
        0.01243158996,
        0.013278631960000002,
        0.01290888196,
        0.012768506960000002,
        0.012914423960000001,
        0.013007131960000001,
        0.012625464960000003,
        0.01279813196,
        0.012991798960000002,
        0.012962631960000002,
        0.012720381960000002,
        0.012924672960000001,
        0.012593048960000002,
        0.01215883996,
        0.012913047960000004,
        0.013041839960000003,
        0.013199672960000002,
        0.012696839960000001,
        0.01245592396,
        0.014157589960000001,
        0.01368638196,
        0.013041339960000002,
        0.01414050696,
        0.013260880960000002,
        0.01345092296,
        0.017844256960000002,
        0.01280813196,
        0.01320167296,
        0.013354214960000003,
        0.01317354796,
        0.012322339960000001,
        0.013167505960000003,
        0.01341563196,
        0.01340617296,
        0.01340163096,
        0.01371542396,
        0.014274130960000003,
        0.02075400696,
        0.022534506960000002,
        0.015173631960000003,
        0.014907964960000002,
        0.01792417396,
        0.016781714960000003,
        0.016333589960000002,
        0.015159089960000004,
        0.014804964960000003,
        0.015188214960000002,
        0.015128630960000004,
        0.014436464960000003,
        0.013473839960000001,
        0.014210422960000003,
        0.013830214960000003,
        0.014307505960000001,
        0.013707172960000003,
        0.01337788196,
        0.013685547960000002,
        0.014329006960000001,
        0.016049464960000003,
        0.01457333996,
        0.01408071496,
        0.01413388196,
        0.013677506960000002,
        0.013915839960000002,
        0.014620214960000003,
        0.014694047960000001,
        0.016191464960000002,
        0.015885422960000003,
        0.015515256960000001,
        0.016001631960000002,
        0.01489688096,
        0.015267881960000004,
        0.014582006960000001,
        0.014681089960000001,
        0.014713964960000003,
        0.014316964960000001,
        0.013697505960000002,
        0.013810423960000002,
        0.013934131960000002,
        0.013312631960000001,
        0.013581506960000003,
        0.014106589960000002,
        0.013201255960000002,
        0.013643381960000003,
        0.013463506960000003,
        0.013098256960000002,
        0.013474923960000003,
        0.01341446496,
        0.013459089960000004,
        0.014299631960000003,
        0.014557589960000002,
        0.013444839960000003,
        0.01363271496,
        0.01320517396,
        0.013652589960000003,
        0.013794089960000002,
        0.01328804796,
        0.013436547960000003,
        0.01282267296,
        0.013299006960000002,
        0.013311464960000002,
        0.013505506960000004,
        0.014839256960000002,
        0.013384797960000003,
        0.013154255960000003,
        0.013195756960000003,
        0.013439130960000004,
        0.013112881960000003,
        0.012784839960000002,
        0.013412964960000003,
        0.013201339960000003,
        0.013089297960000003,
        0.013042756960000002,
        0.013334130960000003,
        0.014346589960000003,
        0.013525422960000002,
        0.01330542296,
        0.013449881960000003,
        0.013405755960000001,
        0.013795131960000002,
        0.01280617396,
        0.013908047960000003,
        0.01368638196,
        0.013248756960000004,
        0.013743006960000002,
        0.013370505960000001,
        0.013412214960000002,
        0.01327804796,
        0.013504880960000003,
        0.013206422960000002,
        0.013935047960000002,
        0.013821214960000001,
        0.01345258996,
        0.01302025696,
        0.01353738196,
        0.013035589960000003,
        0.01334533996,
        0.013002089960000001,
        0.014815755960000003,
        0.013931714960000001,
        0.01313867296,
        0.013400547960000002,
        0.013634339960000002,
        0.013720464960000001,
        0.013197589960000002,
        0.013313797960000002,
        0.01324967296,
        0.013643839960000001,
        0.013239214960000002,
        0.013534089960000002,
        0.013716839960000001,
        0.013765130960000004,
        0.014249672960000001,
        0.013402756960000001,
        0.013204048960000003,
        0.013535672960000002,
        0.013218047960000003,
        0.012937881960000001,
        0.013135464960000003,
        0.013195339960000003,
        0.013156214960000003,
        0.013070381960000002,
        0.01258642296,
        0.01386571496,
        0.013912381960000001,
        0.013354506960000002,
        0.013244922960000002,
        0.013208131960000001,
        0.013105131960000002,
        0.01284950596,
        0.012936381960000003,
        0.01315717396,
        0.012988547960000003,
        0.01286829796,
        0.013037214960000001,
        0.013436714960000002,
        0.013201256960000001,
        0.013033297960000002,
        0.012633381960000002,
        0.01345154796,
        0.013293255960000003,
        0.014151548960000003,
        0.013167464960000003,
        0.013073214960000003,
        0.013524714960000003,
        0.013205755960000003,
        0.013238547960000003,
        0.012862089960000003,
        0.013753089960000003,
        0.013806172960000002
      ],