{
  "results": [
    {
      "command": "/opt/homebrew/bin/git -c user.email=b@b -c user.name=bench -c init.defaultBranch=main -c commit.gpgsign=false -C /tmp/grit-bench-everyday/repo-L grep -n 'line two'",
      "mean": 0.059203449871538465,
      "stddev": 0.0025573044739055123,
      "median": 0.059257654160000006,
      "user": 0.030650389230769234,
      "system": 0.24471861923076926,
      "min": 0.05225423716,
      "max": 0.06275027916,
      "times": [
        0.054659779160000005,
        0.05225423716,
        0.05227152916,
        0.052345904160000005,
        0.05414327916,
        0.05797252916,
        0.060419904159999996,
        0.06011182116000001,
        0.059077695160000006,
        0.05734590416,
        0.05834257116,
        0.061486196160000006,
        0.06132152916,
        0.05944690416,
        0.05814244616,
        0.059316279160000006,
        0.059204570160000004,
        0.05867611216,
        0.06062061316,
        0.06264836216,
        0.06072640416,
        0.05824527916,
        0.06018619616,
        0.05771677916,
        0.05857052916,
        0.05905836216,
        0.06062769516000001,
        0.06224723816000001,
        0.06261673716,
        0.06043023816,
        0.059926529160000006,
        0.06231032116,
        0.06069694616,
        0.05926198716,
        0.06213373816000001,
        0.05921290416,
        0.05903707016,
        0.06275027916,
        0.06094882016,
        0.059972196160000005,
        0.06223523816,
        0.06251682116,
        0.06122986216000001,
        0.057561071160000005,
        0.06048586216,
        0.05889682116,
        0.059177071160000004,
        0.058748571160000006,
        0.05638840416,
        0.059253321160000004,
        0.056926696160000005,
        0.058675237160000004
      ],
      "memory_usage_byte": [
        7208960,
        7208960,
        7208960,
        7208960,
        7225344,
        7225344,
        7225344,
        7225344,
        7225344,
        7225344,
        7241728,
        7241728,
        7241728,
        7241728,
        7241728,
        7241728,
        7241728,
        7241728,
        7241728,
        7241728,
        7241728,
        7258112,
        7258112,
        7258112,
        7258112,
        7258112,
        7258112,
        7258112,
        7258112,
        7258112,
        7258112,
        7258112,
        7258112,
        7258112,
        7258112,
        7258112,
        7258112,
        7258112,
        7258112,
        7258112,
        7258112,
        7258112,
        7258112,
        7258112,
        7258112,
        7258112,
        7258112,
        7258112,
        7258112,
        7258112,
        7258112,
        7258112
      ],
      "exit_codes": [
        0,
        0,
        0,
        0,
        0,
        0,
        0,
        0,
        0,
        0,
        0,
        0,
        0,
        0,
        0,
        0,
        0,
        0,
        0,
        0,
        0,
        0,
        0,
        0,
        0,
        0,
        0,
        0,
        0,
        0,
        0,
        0,
        0,
        0,
        0,
        0,
        0,
        0,
        0,
        0,
        0,
        0,
        0,
        0,
        0,
        0,
        0,
        0,
        0,
        0,
        0,
        0
      ]
    },
    {
      "command": "/Users/schacon/projects/grit-claude/target/release/grit -C /tmp/grit-bench-everyday/repo-L grep -n 'line two'",
      "mean": 61.094199254260005,
      "stddev": 6.957496437567175,
      "median": 63.391520029160006,
      "user": 21.950174419999996,
      "system": 39.014321,
      "min": 51.76105986316,
      "max": 67.66314007116,
      "times": [
        67.32647865416001,
        67.31405490416,
        67.66314007116,
        67.36843765416,
        66.70666340416001,
        60.07637665416,
        57.34071777916,
        53.287504404159996,
        52.09755915416,
        51.76105986316
      ],
      "memory_usage_byte": [
        10665984,
        10665984,
        10665984,
        10665984,
        10665984,
        10665984,
        10665984,
        10960896,
        10960896,
        10960896
      ],
      "exit_codes": [
        0,
        0,
        0,
        0,
        0,
        0,
        0,
        0,
        0,
        0
      ]
    }
  ]
}
