{
  "results": [
    {
      "command": "/opt/homebrew/bin/git -c user.email=b@b -c user.name=bench -c init.defaultBranch=main -c commit.gpgsign=false -C /tmp/grit-bench-everyday/repo-H log -p -n 200",
      "mean": 0.027101628852307706,
      "stddev": 0.00192357192504514,
      "median": 0.026476820160000004,
      "user": 0.01152002076923077,
      "system": 0.015012509230769234,
      "min": 0.025686174160000002,
      "max": 0.041636091160000006,
      "times": [
        0.02630692416,
        0.025965757160000002,
        0.025995715160000002,
        0.02621863316,
        0.026117299160000003,
        0.026673340160000003,
        0.026186674160000003,
        0.02609650716,
        0.026841758160000003,
        0.02721009116,
        0.026211549160000003,
        0.02593546516,
        0.026408008160000003,
        0.026219257160000002,
        0.026158549160000003,
        0.02615171616,
        0.026002007160000003,
        0.02586979916,
        0.025803716160000004,
        0.025700299160000002,
        0.025686174160000002,
        0.02587163216,
        0.026940049160000003,
        0.026806257160000003,
        0.026442257160000003,
        0.026633508160000003,
        0.026102424160000002,
        0.02733409016,
        0.02961650716,
        0.03088675716,
        0.02768054916,
        0.027577465160000002,
        0.026978674160000004,
        0.026996966160000004,
        0.026352507160000004,
        0.027102840160000002,
        0.02743429916,
        0.02643788316,
        0.026428383160000003,
        0.027223049160000002,
        0.026806132160000003,
        0.027293549160000003,
        0.028562091160000004,
        0.027123424160000003,
        0.026174841160000004,
        0.025987382160000003,
        0.026797674160000003,
        0.02624871616,
        0.02612904916,
        0.02669363216,
        0.026894674160000003,
        0.026186924160000003,
        0.026273841160000002,
        0.02606396516,
        0.025918924160000002,
        0.025908674160000002,
        0.025922674160000003,
        0.02588796516,
        0.026226883160000002,
        0.02634584016,
        0.026203258160000003,
        0.02724267416,
        0.02709938216,
        0.02819029916,
        0.026502674160000003,
        0.026239091160000002,
        0.026128466160000002,
        0.026741132160000004,
        0.026541091160000002,
        0.02617221516,
        0.026116008160000002,
        0.02626104916,
        0.026156174160000004,
        0.025925799160000002,
        0.027337549160000002,
        0.026604841160000003,
        0.026516715160000003,
        0.027664133160000003,
        0.026450966160000002,
        0.02644934016,
        0.02615329916,
        0.026710965160000003,
        0.026222465160000003,
        0.026218715160000003,
        0.025934424160000004,
        0.026192216160000004,
        0.026601215160000004,
        0.028806924160000004,
        0.02972175816,
        0.030507132160000006,
        0.030073841160000003,
        0.02976400716,
        0.03234117416,
        0.029114757160000004,
        0.029867966160000002,
        0.029159632160000004,
        0.041636091160000006,
        0.02807746616,
        0.02809642416,
        0.029798715160000003,
        0.027998424160000004,
        0.026763299160000004,
        0.026813508160000003,
        0.027399924160000002
      ],
      "memory_usage_byte": [
        7897088,
        7897088,
        7897088,
        7897088,
        7897088,
        7897088,
        7897088,
        7897088,
        7897088,
        7897088,
        7897088,
        7897088,
        7897088,
        7897088,
        7897088,
        7897088,
        7897088,
        7897088,
        7897088,
        7897088,
        7897088,
        7897088,
        7897088,
        7897088,
        7897088,
        7897088,
        7897088,
        7897088,
        7897088,
        7897088,
        7897088,
        8323072,
        8323072,
        8323072,
        8323072,
        8323072,
        8323072,
        8323072,
        8323072,
        8323072,
        8323072,
        8323072,
        8323072,
        8323072,
        8323072,
        8323072,
        8323072,
        8323072,
        8323072,
        8323072,
        8323072,
        8323072,
        8323072,
        8323072,
        8323072,
        8323072,
        8323072,
        8323072,
        8323072,
        8323072,
        8323072,
        8323072,
        8323072,
        8323072,
        8323072,
        8323072,
        8323072,
        8323072,
        8323072,
        8323072,
        8323072,
        8323072,
        8323072,
        8323072,
        8323072,
        8323072,
        8323072,
        8323072,
        8323072,
        8323072,
        8323072,
        8323072,
        8323072,
        8323072,
        8323072,
        8323072,
        8323072,
        8323072,
        8323072,
        8323072,
        8388608,
        8388608,
        8388608,
        8388608,
        8486912,
        8486912,
        9224192,
        9224192,
        9224192,
        9224192,
        9224192,
        9224192,
        9224192,
        9224192
      ],
      "exit_codes": [
        0,
        0,
        0,
        0,
        0,
        0,
        0,
        0,
        0,
        0,
        0,
        0,
        0,
        0,
        0,
        0,
        0,
        0,
        0,
        0,
        0,
        0,
        0,
        0,
        0,
        0,
        0,
        0,
        0,
        0,
        0,
        0,
        0,
        0,
        0,
        0,
        0,
        0,
        0,
        0,
        0,
        0,
        0,
        0,
        0,
        0,
        0,
        0,
        0,
        0,
        0,
        0,
        0,
        0,
        0,
        0,
        0,
        0,
        0,
        0,
        0,
        0,
        0,
        0,
        0,
        0,
        0,
        0,
        0,
        0,
        0,
        0,
        0,
        0,
        0,
        0,
        0,
        0,
        0,
        0,
        0,
        0,
        0,
        0,
        0,
        0,
        0,
        0,
        0,
        0,
        0,
        0,
        0,
        0,
        0,
        0,
        0,
        0,
        0,
        0,
        0,
        0,
        0,
        0
      ]
    },
    {
      "command": "/Users/schacon/projects/grit-claude/target/release/grit -C /tmp/grit-bench-everyday/repo-H log -p -n 200",
      "mean": 0.17859705441000004,
      "stddev": 0.0030660309715062456,
      "median": 0.17740979916,
      "user": 0.11186029,
      "system": 0.0657408025,
      "min": 0.17646167416,
      "max": 0.18666442416,
      "times": [
        0.17868596516,
        0.17656917416,
        0.18502867416,
        0.18666442416,
        0.18088675816,
        0.17844492416,
        0.17745354916,
        0.17719946615999999,
        0.17646167416,
        0.17709029916,
        0.17655225816,
        0.17847234116,
        0.17651592416,
        0.17736604916,
        0.17661113216,
        0.17755025716
      ],
      "memory_usage_byte": [
        11321344,
        11321344,
        12943360,
        12943360,
        12943360,
        12943360,
        12943360,
        12943360,
        12943360,
        12943360,
        12943360,
        12943360,
        12943360,
        12943360,
        12943360,
        12943360
      ],
      "exit_codes": [
        0,
        0,
        0,
        0,
        0,
        0,
        0,
        0,
        0,
        0,
        0,
        0,
        0,
        0,
        0,
        0
      ]
    }
  ]
}
