{
  "results": [
    {
      "command": "/opt/homebrew/bin/git -c user.email=b@b -c user.name=bench -c init.defaultBranch=main -c commit.gpgsign=false -C /tmp/grit-bench-everyday/repo-M log -p -n 200",
      "mean": 0.042172016715151535,
      "stddev": 0.0011714987294673593,
      "median": 0.04215989170000001,
      "user": 0.015410888484848485,
      "system": 0.02615863636363635,
      "min": 0.0405138702,
      "max": 0.049033038200000004,
      "times": [
        0.041978538200000005,
        0.0409119542,
        0.04197562120000001,
        0.0425754122,
        0.04224353720000001,
        0.04141641220000001,
        0.04090582920000001,
        0.041635954200000005,
        0.043921829200000005,
        0.042907245200000006,
        0.042593163200000006,
        0.042292079200000006,
        0.04271345420000001,
        0.04221366220000001,
        0.040703870200000006,
        0.04171499620000001,
        0.0414202872,
        0.04153624620000001,
        0.042449788200000005,
        0.0425691622,
        0.04280632920000001,
        0.042688079200000006,
        0.042161954200000004,
        0.04198857920000001,
        0.0405138702,
        0.040649121200000006,
        0.04185395420000001,
        0.04078316220000001,
        0.04105753820000001,
        0.04250903820000001,
        0.0425702042,
        0.04134328820000001,
        0.04171420420000001,
        0.04194678720000001,
        0.04161070420000001,
        0.042321745200000004,
        0.04192474620000001,
        0.04149087120000001,
        0.0423178702,
        0.04256974620000001,
        0.041644787200000005,
        0.0409467042,
        0.0415859962,
        0.041424621200000004,
        0.04253191320000001,
        0.04141874620000001,
        0.041200538200000004,
        0.0424433712,
        0.04274741220000001,
        0.049033038200000004,
        0.0457375792,
        0.042406287200000004,
        0.0424975792,
        0.042416329200000005,
        0.042401537200000006,
        0.04279820420000001,
        0.042016412200000006,
        0.041793121200000005,
        0.042469995200000006,
        0.042143745200000006,
        0.04224741220000001,
        0.042468496200000004,
        0.04207307920000001,
        0.042157829200000004,
        0.04258345420000001,
        0.0426640792
      ],
      "memory_usage_byte": [
        6111232,
        6111232,
        6111232,
        6111232,
        6111232,
        6111232,
        6111232,
        6111232,
        6111232,
        6455296,
        6455296,
        6455296,
        6455296,
        6455296,
        6455296,
        6455296,
        6455296,
        6733824,
        6733824,
        6733824,
        6733824,
        6733824,
        6733824,
        6733824,
        6733824,
        6733824,
        6733824,
        6733824,
        6733824,
        6733824,
        6733824,
        6733824,
        6733824,
        6733824,
        6733824,
        6733824,
        6733824,
        6733824,
        6733824,
        6733824,
        6733824,
        6733824,
        6733824,
        6733824,
        6733824,
        6733824,
        6733824,
        6733824,
        6733824,
        7077888,
        7077888,
        7077888,
        7077888,
        7077888,
        7077888,
        7077888,
        7077888,
        7077888,
        7077888,
        7077888,
        7077888,
        7077888,
        7077888,
        7077888,
        7077888,
        7077888
      ],
      "exit_codes": [
        0,
        0,
        0,
        0,
        0,
        0,
        0,
        0,
        0,
        0,
        0,
        0,
        0,
        0,
        0,
        0,
        0,
        0,
        0,
        0,
        0,
        0,
        0,
        0,
        0,
        0,
        0,
        0,
        0,
        0,
        0,
        0,
        0,
        0,
        0,
        0,
        0,
        0,
        0,
        0,
        0,
        0,
        0,
        0,
        0,
        0,
        0,
        0,
        0,
        0,
        0,
        0,
        0,
        0,
        0,
        0,
        0,
        0,
        0,
        0,
        0,
        0,
        0,
        0,
        0,
        0
      ]
    },
    {
      "command": "/Users/schacon/projects/grit-claude/target/release/grit -C /tmp/grit-bench-everyday/repo-M log -p -n 200",
      "mean": 0.28518564180000006,
      "stddev": 0.002100335154868663,
      "median": 0.2849928922,
      "user": 0.16375674,
      "system": 0.12073910000000002,
      "min": 0.2830681212,
      "max": 0.2903268292,
      "times": [
        0.2903268292,
        0.2830681212,
        0.28510874620000004,
        0.2836953292,
        0.28513195420000004,
        0.28487703820000004,
        0.2839772452,
        0.2834076622,
        0.28597324620000003,
        0.28629024620000004
      ],
      "memory_usage_byte": [
        7979008,
        7979008,
        7979008,
        8028160,
        8028160,
        8060928,
        8060928,
        8060928,
        8060928,
        8060928
      ],
      "exit_codes": [
        0,
        0,
        0,
        0,
        0,
        0,
        0,
        0,
        0,
        0
      ]
    }
  ]
}
