{
  "results": [
    {
      "command": "/opt/homebrew/bin/git -c user.email=b@b -c user.name=bench -c init.defaultBranch=main -c commit.gpgsign=false -C /tmp/grit-bench-everyday/repo-L log -p -n 200",
      "mean": 0.08355446919000004,
      "stddev": 0.0026467861153181304,
      "median": 0.08290912094000001,
      "user": 0.03266433625,
      "system": 0.050274004999999976,
      "min": 0.08067455844000002,
      "max": 0.09276310044000001,
      "times": [
        0.08891301744,
        0.08618860044000001,
        0.08652339244000001,
        0.08415843444000001,
        0.08529314244000001,
        0.08220035144000001,
        0.08382743444000001,
        0.08303610044000001,
        0.08425747544000001,
        0.08363122644000001,
        0.08132689244,
        0.08299501744000001,
        0.08097668344000002,
        0.08387439244000001,
        0.08077289244000001,
        0.08264147644000001,
        0.08288397644,
        0.08408989244000001,
        0.08136285044000001,
        0.08140780844,
        0.08290168344000001,
        0.08712326744000001,
        0.09276310044000001,
        0.08634555844000001,
        0.08221368444000002,
        0.08170326744,
        0.08105276744,
        0.08291655844000001,
        0.08067455844000002,
        0.08100822544000001,
        0.08182647544000002,
        0.08285280944000001
      ],
      "memory_usage_byte": [
        7225344,
        7225344,
        7225344,
        7225344,
        7225344,
        7225344,
        7225344,
        7225344,
        7225344,
        7225344,
        7225344,
        7225344,
        7225344,
        7225344,
        7225344,
        7225344,
        7225344,
        7225344,
        7225344,
        7225344,
        7225344,
        7225344,
        7225344,
        7225344,
        7225344,
        7225344,
        7225344,
        7225344,
        7225344,
        7225344,
        7225344,
        7225344
      ],
      "exit_codes": [
        0,
        0,
        0,
        0,
        0,
        0,
        0,
        0,
        0,
        0,
        0,
        0,
        0,
        0,
        0,
        0,
        0,
        0,
        0,
        0,
        0,
        0,
        0,
        0,
        0,
        0,
        0,
        0,
        0,
        0,
        0,
        0
      ]
    },
    {
      "command": "/Users/schacon/projects/grit-claude/target/release/grit -C /tmp/grit-bench-everyday/repo-L log -p -n 200",
      "mean": 1.1571218217400001,
      "stddev": 0.03669848310583348,
      "median": 1.14527799644,
      "user": 0.75629188,
      "system": 0.39957047999999995,
      "min": 1.11452251744,
      "max": 1.23099222644,
      "times": [
        1.15631347544,
        1.1438287254400001,
        1.14672726744,
        1.14185647644,
        1.16147939244,
        1.23099222644,
        1.2114219344400001,
        1.13928918444,
        1.12478701744,
        1.11452251744
      ],
      "memory_usage_byte": [
        11517952,
        11665408,
        11665408,
        11665408,
        11665408,
        11665408,
        11665408,
        11665408,
        11665408,
        11665408
      ],
      "exit_codes": [
        0,
        0,
        0,
        0,
        0,
        0,
        0,
        0,
        0,
        0
      ]
    }
  ]
}
