{
  "results": [
    {
      "command": "/opt/homebrew/bin/git -c user.email=b@b -c user.name=bench -c init.defaultBranch=main -c commit.gpgsign=false -C /tmp/grit-bench-everyday/repo-H log --stat -n 200",
      "mean": 0.02543665121,
      "stddev": 0.003307842502307615,
      "median": 0.02486091878,
      "user": 0.010763340000000001,
      "system": 0.013939549999999998,
      "min": 0.024106460780000002,
      "max": 0.05684104478,
      "times": [
        0.02735471078,
        0.026538544780000003,
        0.05684104478,
        0.02606304378,
        0.02494833578,
        0.02443504478,
        0.024357376780000002,
        0.024174668780000002,
        0.024505044780000002,
        0.024120335780000002,
        0.02435791878,
        0.02417237778,
        0.02463266978,
        0.024214460780000002,
        0.02470296078,
        0.024727835780000002,
        0.024242210780000002,
        0.02503079478,
        0.02553683578,
        0.024465877780000003,
        0.02435408578,
        0.024599085780000002,
        0.024907960780000002,
        0.024461376780000002,
        0.02448679478,
        0.024425835780000002,
        0.025011418780000003,
        0.02531866978,
        0.02433775278,
        0.025115293780000002,
        0.025818126780000002,
        0.025137585780000003,
        0.02627633578,
        0.02654279478,
        0.02495521078,
        0.025428460780000002,
        0.02485833578,
        0.02440466878,
        0.024282418780000002,
        0.02479650178,
        0.024342335780000002,
        0.02692000278,
        0.02638121078,
        0.02511246078,
        0.025006377780000002,
        0.025209293780000003,
        0.025141210780000003,
        0.02568808578,
        0.02477441878,
        0.02440996078,
        0.02422283578,
        0.025541377780000003,
        0.02433937678,
        0.02535266878,
        0.02416604378,
        0.02438658578,
        0.02422400178,
        0.02464346078,
        0.02462783578,
        0.024437752780000002,
        0.024837252780000003,
        0.02502862678,
        0.02560346078,
        0.024898877780000002,
        0.024722668780000002,
        0.02457154478,
        0.025505751780000002,
        0.02476483578,
        0.024478460780000003,
        0.02451758578,
        0.02423854478,
        0.024106460780000002,
        0.02509562778,
        0.028823918780000003,
        0.02602600278,
        0.024863501780000002,
        0.026406710780000002,
        0.02540883578,
        0.02499037778,
        0.02678021078,
        0.02677179378,
        0.02796416878,
        0.02747862678,
        0.025093377780000002,
        0.02462804478,
        0.024633043780000002,
        0.02457616978,
        0.02501716878,
        0.02543862778,
        0.02512375278,
        0.02521108578,
        0.02550412778,
        0.02454729378,
        0.02450312778,
        0.024505460780000002,
        0.024441002780000002,
        0.02423475178,
        0.02621566878,
        0.026722044780000002,
        0.02751841878
      ],
      "memory_usage_byte": [
        7864320,
        7864320,
        7864320,
        7946240,
        7946240,
        7946240,
        7946240,
        7946240,
        7946240,
        7946240,
        7946240,
        7946240,
        7946240,
        7946240,
        7946240,
        7946240,
        7946240,
        7946240,
        7946240,
        7946240,
        7946240,
        7946240,
        7946240,
        7946240,
        7946240,
        7946240,
        7946240,
        7946240,
        7946240,
        8355840,
        8355840,
        8355840,
        8355840,
        8355840,
        8355840,
        8355840,
        8355840,
        8355840,
        8355840,
        8355840,
        8355840,
        8355840,
        8355840,
        8355840,
        8355840,
        8355840,
        8355840,
        8355840,
        8355840,
        8355840,
        8355840,
        8355840,
        8355840,
        8355840,
        8355840,
        8355840,
        8355840,
        8355840,
        8355840,
        8355840,
        8355840,
        8355840,
        8355840,
        8355840,
        8355840,
        8355840,
        8355840,
        8355840,
        8355840,
        8355840,
        8355840,
        8355840,
        8355840,
        8355840,
        8355840,
        8355840,
        8355840,
        8355840,
        8355840,
        8355840,
        8355840,
        8503296,
        8503296,
        8503296,
        8503296,
        8503296,
        8503296,
        8503296,
        8503296,
        8503296,
        8503296,
        8503296,
        8503296,
        8503296,
        8503296,
        8503296,
        8503296,
        8503296,
        8503296,
        8503296
      ],
      "exit_codes": [
        0,
        0,
        0,
        0,
        0,
        0,
        0,
        0,
        0,
        0,
        0,
        0,
        0,
        0,
        0,
        0,
        0,
        0,
        0,
        0,
        0,
        0,
        0,
        0,
        0,
        0,
        0,
        0,
        0,
        0,
        0,
        0,
        0,
        0,
        0,
        0,
        0,
        0,
        0,
        0,
        0,
        0,
        0,
        0,
        0,
        0,
        0,
        0,
        0,
        0,
        0,
        0,
        0,
        0,
        0,
        0,
        0,
        0,
        0,
        0,
        0,
        0,
        0,
        0,
        0,
        0,
        0,
        0,
        0,
        0,
        0,
        0,
        0,
        0,
        0,
        0,
        0,
        0,
        0,
        0,
        0,
        0,
        0,
        0,
        0,
        0,
        0,
        0,
        0,
        0,
        0,
        0,
        0,
        0,
        0,
        0,
        0,
        0,
        0,
        0
      ]
    },
    {
      "command": "/Users/schacon/projects/grit-claude/target/release/grit -C /tmp/grit-bench-everyday/repo-H log --stat -n 200",
      "mean": 0.39143343988000007,
      "stddev": 0.010917911728008581,
      "median": 0.39026823178000003,
      "user": 0.17819117999999995,
      "system": 0.20004152,
      "min": 0.37646396078000005,
      "max": 0.41317650178000004,
      "times": [
        0.38117012678000006,
        0.38372237778000007,
        0.38768825178000005,
        0.41317650178000004,
        0.39022241878,
        0.40513750278000005,
        0.39031404478000004,
        0.3928754607800001,
        0.39356375278000005,
        0.37646396078000005
      ],
      "memory_usage_byte": [
        13271040,
        13271040,
        13271040,
        13271040,
        13271040,
        13271040,
        13271040,
        13271040,
        13271040,
        13271040
      ],
      "exit_codes": [
        0,
        0,
        0,
        0,
        0,
        0,
        0,
        0,
        0,
        0
      ]
    }
  ]
}
