{
  "results": [
    {
      "command": "/opt/homebrew/bin/git -c user.email=b@b -c user.name=bench -c init.defaultBranch=main -c commit.gpgsign=false -C /tmp/grit-bench-everyday/repo-H log --oneline",
      "mean": 0.02168546302462809,
      "stddev": 0.002460007558703695,
      "median": 0.02127754738,
      "user": 0.015761334214876035,
      "system": 0.005464931735537191,
      "min": 0.02096558838,
      "max": 0.04807275438,
      "times": [
        0.022264130380000004,
        0.021161046380000003,
        0.021167171380000002,
        0.02120000538,
        0.021198796380000003,
        0.021045922380000002,
        0.02158758838,
        0.022159130380000003,
        0.021161713380000002,
        0.021073046380000002,
        0.021138838380000004,
        0.021542713380000002,
        0.022258713380000003,
        0.02138262938,
        0.021622005380000003,
        0.021196838380000003,
        0.021330922380000002,
        0.021235880380000002,
        0.021083129380000003,
        0.021061713380000003,
        0.021732254380000003,
        0.02100033838,
        0.021249379380000002,
        0.022479046380000003,
        0.02246663038,
        0.021674004380000004,
        0.02118029638,
        0.021189213380000002,
        0.021277379380000003,
        0.021403755380000004,
        0.021484088380000002,
        0.021131713380000004,
        0.02109967138,
        0.021140338380000002,
        0.021107880380000003,
        0.02107200538,
        0.021154047380000002,
        0.02127158838,
        0.02127754738,
        0.02124487938,
        0.022756630380000004,
        0.021704213380000004,
        0.02128221338,
        0.021182838380000003,
        0.021158588380000003,
        0.021651963380000003,
        0.021827797380000003,
        0.02119313038,
        0.021145088380000003,
        0.021916671380000002,
        0.022348838380000003,
        0.021492629380000003,
        0.02142679638,
        0.021846755380000003,
        0.021052505380000003,
        0.02142500438,
        0.022430880380000004,
        0.02253929638,
        0.021417130380000003,
        0.02157500538,
        0.021172296380000004,
        0.021142088380000004,
        0.021355547380000003,
        0.02207675438,
        0.02164113038,
        0.021354671380000002,
        0.021252047380000003,
        0.021221172380000004,
        0.02139375438,
        0.021769338380000003,
        0.021645796380000002,
        0.02136842238,
        0.021128546380000002,
        0.021779963380000003,
        0.022030588380000004,
        0.021194630380000003,
        0.021170880380000003,
        0.021292922380000003,
        0.02125071338,
        0.02113567238,
        0.021042046380000002,
        0.02118433838,
        0.02102454738,
        0.021075046380000004,
        0.021333088380000004,
        0.02179171338,
        0.02121375438,
        0.02112063038,
        0.02130308838,
        0.02096558838,
        0.021697505380000003,
        0.021876171380000003,
        0.02119908838,
        0.021087171380000002,
        0.021092713380000003,
        0.021691797380000002,
        0.02113321338,
        0.021568463380000003,
        0.021605421380000003,
        0.021279088380000002,
        0.021138463380000003,
        0.021201380380000003,
        0.021128254380000003,
        0.021194546380000002,
        0.021168297380000003,
        0.02116942138,
        0.021113088380000002,
        0.021721630380000002,
        0.02209825438,
        0.02157358838,
        0.021294463380000003,
        0.021257671380000003,
        0.021412880380000002,
        0.02203521338,
        0.023023379380000004,
        0.022820254380000002,
        0.022834213380000003,
        0.04807275438,
        0.021911171380000004,
        0.021193588380000003,
        0.021035130380000003
      ],
      "memory_usage_byte": [
        8585216,
        8585216,
        8585216,
        8585216,
        8585216,
        8585216,
        8585216,
        8585216,
        8585216,
        8585216,
        8585216,
        8585216,
        8585216,
        8585216,
        8585216,
        8585216,
        8585216,
        8585216,
        8585216,
        8585216,
        8585216,
        8585216,
        8585216,
        8585216,
        8585216,
        8585216,
        8585216,
        8585216,
        8585216,
        8585216,
        8585216,
        8585216,
        8585216,
        8585216,
        8585216,
        8585216,
        8585216,
        8585216,
        8585216,
        8585216,
        8585216,
        8585216,
        8585216,
        8585216,
        8585216,
        8765440,
        8765440,
        8765440,
        8765440,
        8765440,
        8765440,
        8765440,
        8765440,
        8765440,
        8765440,
        8765440,
        8765440,
        8765440,
        8765440,
        8765440,
        8765440,
        8765440,
        8765440,
        8765440,
        8765440,
        8765440,
        8765440,
        8765440,
        8765440,
        8765440,
        8765440,
        8765440,
        8765440,
        8765440,
        8765440,
        8765440,
        8765440,
        8765440,
        8765440,
        8765440,
        8765440,
        8765440,
        8765440,
        8765440,
        8765440,
        8765440,
        8765440,
        8765440,
        8765440,
        8765440,
        8765440,
        8765440,
        8765440,
        8765440,
        8765440,
        8765440,
        8765440,
        8765440,
        8765440,
        8765440,
        8765440,
        8765440,
        8765440,
        8765440,
        8765440,
        8765440,
        8765440,
        8765440,
        8765440,
        8765440,
        8765440,
        8765440,
        8765440,
        8765440,
        8765440,
        8765440,
        8765440,
        8765440,
        8765440,
        8765440,
        8765440
      ],
      "exit_codes": [
        0,
        0,
        0,
        0,
        0,
        0,
        0,
        0,
        0,
        0,
        0,
        0,
        0,
        0,
        0,
        0,
        0,
        0,
        0,
        0,
        0,
        0,
        0,
        0,
        0,
        0,
        0,
        0,
        0,
        0,
        0,
        0,
        0,
        0,
        0,
        0,
        0,
        0,
        0,
        0,
        0,
        0,
        0,
        0,
        0,
        0,
        0,
        0,
        0,
        0,
        0,
        0,
        0,
        0,
        0,
        0,
        0,
        0,
        0,
        0,
        0,
        0,
        0,
        0,
        0,
        0,
        0,
        0,
        0,
        0,
        0,
        0,
        0,
        0,
        0,
        0,
        0,
        0,
        0,
        0,
        0,
        0,
        0,
        0,
        0,
        0,
        0,
        0,
        0,
        0,
        0,
        0,
        0,
        0,
        0,
        0,
        0,
        0,
        0,
        0,
        0,
        0,
        0,
        0,
        0,
        0,
        0,
        0,
        0,
        0,
        0,
        0,
        0,
        0,
        0,
        0,
        0,
        0,
        0,
        0,
        0
      ]
    },
    {
      "command": "/Users/schacon/projects/grit-claude/target/release/grit -C /tmp/grit-bench-everyday/repo-H log --oneline",
      "mean": 0.11639788497999999,
      "stddev": 0.001425235681708935,
      "median": 0.11604692138000001,
      "user": 0.06207008,
      "system": 0.053707660000000004,
      "min": 0.11431775538000001,
      "max": 0.11969504738000002,