{
  "results": [
    {
      "command": "/opt/homebrew/bin/git -c user.email=b@b -c user.name=bench -c init.defaultBranch=main -c commit.gpgsign=false -C /tmp/grit-bench-everyday/repo-L log --stat -n 200",
      "mean": 0.0808290816088889,
      "stddev": 0.0013728657515418676,
      "median": 0.08055512722000001,
      "user": 0.03185150111111111,
      "system": 0.048311518888888884,
      "min": 0.07883312672000001,
      "max": 0.08506604372000001,
      "times": [
        0.07924208472000001,
        0.08043250172000001,
        0.08031271072000001,
        0.07883312672000001,
        0.08070233472,
        0.08024345972000001,
        0.08108671072000001,
        0.08071016872000002,
        0.08208329272,
        0.08292125172,
        0.08085033472000001,
        0.07970362672,
        0.08185829272,
        0.08160987672000002,
        0.08029112672000001,
        0.07960366872,
        0.07945962672000001,
        0.08065816872,
        0.08045208572000001,
        0.08506604372000001,
        0.08272183472000001,
        0.08074145972,
        0.08314100172000001,
        0.08040554372000001,
        0.08033166872000001,
        0.08071616872000001,
        0.07944362672000001,
        0.08311196072000002,
        0.07982466872,
        0.08089221072000001,
        0.07934579272000002,
        0.07930545972000001,
        0.08251558472000001,
        0.07966637672000002,
        0.08169916872,
        0.07986391772000001
      ],
      "memory_usage_byte": [
        6258688,
        6258688,
        6537216,
        6537216,
        6537216,
        6537216,
        6537216,
        6537216,
        6537216,
        6537216,
        6537216,
        6537216,
        6537216,
        6537216,
        6537216,
        6537216,
        6537216,
        6537216,
        6537216,
        6537216,
        6537216,
        6537216,
        6537216,
        6537216,
        6537216,
        6537216,
        6537216,
        6537216,
        6537216,
        6537216,
        6537216,
        6537216,
        6537216,
        6537216,
        6537216,
        6537216
      ],
      "exit_codes": [
        0,
        0,
        0,
        0,
        0,
        0,
        0,
        0,
        0,
        0,
        0,
        0,
        0,
        0,
        0,
        0,
        0,
        0,
        0,
        0,
        0,
        0,
        0,
        0,
        0,
        0,
        0,
        0,
        0,
        0,
        0,
        0,
        0,
        0,
        0,
        0
      ]
    },
    {
      "command": "/Users/schacon/projects/grit-claude/target/release/grit -C /tmp/grit-bench-everyday/repo-L log --stat -n 200",
      "mean": 1.2801263517200003,
      "stddev": 0.03221064801449667,
      "median": 1.2676775017200002,
      "user": 0.7471813399999999,
      "system": 0.50882668,
      "min": 1.24475750172,
      "max": 1.33670783572,
      "times": [
        1.27692745972,
        1.33670783572,
        1.25842754372,
        1.2531505847200002,
        1.24475750172,
        1.25481450172,
        1.2531747107200002,
        1.31001837672,
        1.30443758472,
        1.30884741772
      ],
      "memory_usage_byte": [
        12238848,
        12238848,
        12238848,
        12238848,
        12943360,
        12943360,
        12943360,
        12943360,
        13418496,
        13598720
      ],
      "exit_codes": [
        0,
        0,
        0,
        0,
        0,
        0,
        0,
        0,
        0,
        0
      ]
    }
  ]
}
