{
  "results": [
    {
      "command": "/opt/homebrew/bin/git -c user.email=b@b -c user.name=bench -c init.defaultBranch=main -c commit.gpgsign=false -C /tmp/grit-bench-everyday/repo-L log --oneline",
      "mean": 0.01826590277538462,
      "stddev": 0.0006833037597905699,
      "median": 0.01807859216,
      "user": 0.00764665818181818,
      "system": 0.010318749090909091,
      "min": 0.01712638416,
      "max": 0.020762717160000003,
      "times": [
        0.01805821716,
        0.017921967160000003,
        0.01775863416,
        0.018681217160000003,
        0.019165967160000002,
        0.019413092160000003,
        0.018816718160000002,
        0.01825363416,
        0.018480217160000003,
        0.01829080116,
        0.018201301160000002,
        0.01775567516,
        0.01818063416,
        0.017760676160000002,
        0.01803200916,
        0.017496384160000003,
        0.018300509160000002,
        0.01965380116,
        0.017846634160000003,
        0.01760071716,
        0.01821938416,
        0.01750359216,
        0.01779221816,
        0.019021717160000003,
        0.01909534316,
        0.018044759160000003,
        0.01903805016,
        0.01812034216,
        0.01734646716,
        0.01732805116,
        0.01775021716,
        0.017396301160000002,
        0.01771509216,
        0.017425843160000003,
        0.01712638416,
        0.018650593160000003,
        0.019534426160000003,
        0.018670717160000003,
        0.01790867516,
        0.017937801160000003,
        0.017291801160000002,
        0.017953134160000002,
        0.01865430116,
        0.019513217160000002,
        0.018786926160000002,
        0.018627509160000003,
        0.019086175160000003,
        0.01828967516,
        0.017702593160000002,
        0.01822338416,
        0.017501092160000002,
        0.017676384160000003,
        0.017599259160000002,
        0.01791038416,
        0.017428842160000003,
        0.018697592160000002,
        0.01808788416,
        0.017837718160000002,
        0.017885259160000003,
        0.01757492616,
        0.01787488416,
        0.018710884160000003,
        0.02024305016,
        0.01871475916,
        0.01810230116,
        0.01825580116,
        0.01838992616,
        0.01767409316,
        0.018129842160000003,
        0.01739638416,
        0.017709967160000003,
        0.01775438416,
        0.01869242616,
        0.01872900916,
        0.01866417616,
        0.017548634160000003,
        0.01778638416,
        0.01723396816,
        0.019238842160000002,
        0.018841718160000003,
        0.020762717160000003,
        0.019920217160000003,
        0.01857275916,
        0.018320717160000003,
        0.018915634160000003,
        0.018653759160000002,
        0.01780300916,
        0.01765038416,
        0.018134218160000003,
        0.018884675160000003,
        0.01789867616,
        0.018296759160000002,
        0.01777925916,
        0.018024425160000003,
        0.01807505016,
        0.01779605016,
        0.01807859216,
        0.017852509160000002,
        0.017788675160000003,
        0.01866700916,
        0.020340217160000004,
        0.018908676160000002,
        0.018464551160000002,
        0.01799830116,
        0.01797455016,
        0.018188092160000002,
        0.018222717160000002,
        0.018092509160000003,
        0.017863092160000003,
        0.018308134160000003,
        0.017755884160000002,
        0.018068801160000002,
        0.01882584316,
        0.018029884160000002,
        0.01814342616,
        0.018001842160000003,
        0.01760034316,
        0.018532759160000002,
        0.01924846716,
        0.019494676160000002,
        0.01856921816,
        0.01922950916,
        0.017804884160000003,
        0.01779913416,
        0.01800555016,
        0.017774842160000002,
        0.01781413416,
        0.01777809216,
        0.01784255016,
        0.01768684216,
        0.01774813416,
        0.01775217516,
        0.01763146716,
        0.017700759160000003,
        0.01781725916,
        0.017742259160000003,
        0.018612134160000002,
        0.02005930116,
        0.019615759160000003,
        0.01873459216,
        0.01885596716,
        0.01919750916,
        0.01899988416
      ],
      "memory_usage_byte": [
        7323648,
        7323648,
        7323648,
        7323648,
        7323648,
        7323648,
        7323648,
        7323648,
        7323648,
        7323648,
        7323648,
        7323648,
        7323648,
        7323648,
        7323648,
        7323648,
        7323648,
        7323648,
        7323648,
        7323648,
        7323648,
        7323648,
        7323648,
        7323648,
        7323648,
        7323648,
        7323648,
        7323648,
        7323648,
        7323648,
        7323648,
        7323648,
        7323648,
        7323648,
        7323648,
        7323648,
        7323648,
        7323648,
        7323648,
        7323648,
        7323648,
        7323648,
        7323648,
        7323648,
        7323648,
        7323648,
        7323648,
        7323648,
        7323648,
        7323648,
        7323648,
        7323648,
        7323648,
        7323648,
        7323648,
        7323648,
        7323648,
        7323648,
        7323648,
        7323648,
        7323648,
        7323648,
        7323648,
        7323648,
        7323648,
        7323648,
        7323648,
        7323648,
        7323648,
        7323648,
        7323648,
        7323648,
        7323648,
        7323648,
        7323648,
        7323648,
        7323648,
        7323648,
        7323648,
        7323648,
        7323648,
        7323648,
        7323648,
        7323648,
        7323648,
        7323648,
        7323648,
        7323648,
        7323648,
        7323648,
        7323648,
        7323648,
        7323648,
        7323648,
        7323648,
        7323648,
        7323648,
        7323648,
        7323648,
        7323648,
        7323648,
        7323648,
        7323648,
        7323648,
        7323648,
        7323648,
        7323648,
        7323648,
        7323648,
        7323648,
        7323648,
        7323648,
        7323648,
        7323648,
        7323648,
        7323648,
        7323648,
        7323648,
        7323648,
        7323648,
        7323648,
        7323648,
        7323648,
        7323648,
        7323648,
        7323648,
        7323648,
        7323648,
        7323648,
        7323648,
        7323648,
        7323648,
        7323648,
        7323648,
        7323648,
        7323648,
        7323648,
        7323648,
        7323648,
        7323648,
        7323648,
        7323648,
        7323648
      ],