{
  "results": [
    {
      "command": "/opt/homebrew/bin/git -c user.email=b@b -c user.name=bench -c init.defaultBranch=main -c commit.gpgsign=false -C /tmp/grit-bench-everyday/repo-M log --stat -n 200",
      "mean": 0.03928214954873238,
      "stddev": 0.0043400595793846855,
      "median": 0.038604047759999996,
      "user": 0.0145181261971831,
      "system": 0.023676567042253523,
      "min": 0.037020921760000006,
      "max": 0.07391050576000001,
      "times": [
        0.03919817176,
        0.03761008976000001,
        0.03863017276,
        0.03804125576,
        0.03864496376,
        0.037726130760000004,
        0.03762563076,
        0.038503672759999996,
        0.03818088076000001,
        0.03820354676,
        0.03757846376,
        0.037936547759999995,
        0.04007675576,
        0.03818442276,
        0.03785804776,
        0.038317380760000005,
        0.03872825576,
        0.03826242276,
        0.039636463760000004,
        0.042516255759999996,
        0.04266679676,
        0.07391050576000001,
        0.038783422760000005,
        0.038470380760000006,
        0.04038688076000001,
        0.04146258976,
        0.040086755759999995,
        0.04051875576,
        0.04125963076,
        0.038477547759999994,
        0.03818033976,
        0.038616547759999995,
        0.038604047759999996,
        0.038613963759999995,
        0.03982238076,
        0.03787663076,
        0.03737692176,
        0.03799008876,
        0.03767288076,
        0.038188839759999996,
        0.03916392176,
        0.038966005760000005,
        0.037020921760000006,
        0.039953713759999995,
        0.039354505760000005,
        0.03835733876,
        0.03883413076,
        0.03762121376000001,
        0.03739179776,
        0.037175921759999994,
        0.03719792276,
        0.039143630760000006,
        0.039531464759999996,
        0.03962646376000001,
        0.03858879676,
        0.038662922759999996,
        0.03875946376,
        0.03769117276,
        0.03755554776,
        0.03747471376,
        0.03753658976,
        0.038312547759999996,
        0.03842246476,
        0.041431339760000005,
        0.04068408976,
        0.04000625576,
        0.03903496376,
        0.03937700576,
        0.03883333876,
        0.038758088760000003,
        0.03813892176
      ],
      "memory_usage_byte": [
        5849088,
        5849088,
        5849088,
        5849088,
        5849088,
        5849088,
        5849088,
        5849088,
        5849088,
        5849088,
        5849088,
        6389760,
        6389760,
        6389760,
        6389760,
        6389760,
        6389760,
        6389760,
        6389760,
        6389760,
        6389760,
        6389760,
        6389760,
        6389760,
        6389760,
        6389760,
        6389760,
        6389760,
        6389760,
        6389760,
        6389760,
        6389760,
        6389760,
        6389760,
        6389760,
        6389760,
        6389760,
        6389760,
        6389760,
        6389760,
        6389760,
        6389760,
        6389760,
        6389760,
        6389760,
        6389760,
        6389760,
        6389760,
        6389760,
        6389760,
        6389760,
        6389760,
        6389760,
        6389760,
        6389760,
        6389760,
        6389760,
        6389760,
        6389760,
        6389760,
        6389760,
        6389760,
        6389760,
        6389760,
        6389760,
        6389760,
        6389760,
        6389760,
        6389760,
        6389760,
        6389760
      ],
      "exit_codes": [
        0,
        0,
        0,
        0,
        0,
        0,
        0,
        0,
        0,
        0,
        0,
        0,
        0,
        0,
        0,
        0,
        0,
        0,
        0,
        0,
        0,
        0,
        0,
        0,
        0,
        0,
        0,
        0,
        0,
        0,
        0,
        0,
        0,
        0,
        0,
        0,
        0,
        0,
        0,
        0,
        0,
        0,
        0,
        0,
        0,
        0,
        0,
        0,
        0,
        0,
        0,
        0,
        0,
        0,
        0,
        0,
        0,
        0,
        0,
        0,
        0,
        0,
        0,
        0,
        0,
        0,
        0,
        0,
        0,
        0,
        0
      ]
    },
    {
      "command": "/Users/schacon/projects/grit-claude/target/release/grit -C /tmp/grit-bench-everyday/repo-M log --stat -n 200",
      "mean": 0.53474733086,
      "stddev": 0.030794335008033438,
      "median": 0.53365254726,
      "user": 0.24644005999999993,
      "system": 0.27185416,
      "min": 0.50470763076,
      "max": 0.6041724647600001,
      "times": [
        0.6041724647600001,
        0.56141933876,
        0.53410017176,
        0.5343797557600001,
        0.54625463076,
        0.5332049227600001,
        0.5174739647600001,
        0.50470763076,
        0.50531017276,
        0.50645025576
      ],
      "memory_usage_byte": [
        10371072,
        10371072,
        10371072,
        10371072,
        10371072,
        10371072,
        10371072,
        10371072,
        10371072,
        10371072
      ],
      "exit_codes": [
        0,
        0,
        0,
        0,
        0,
        0,
        0,
        0,
        0,
        0
      ]
    }
  ]
}
