{
  "results": [
    {
      "command": "/opt/homebrew/bin/git -c user.email=b@b -c user.name=bench -c init.defaultBranch=main -c commit.gpgsign=false -C /tmp/grit-bench-everyday/repo-M log --oneline",
      "mean": 0.02173234164212389,
      "stddev": 0.001006771075801842,
      "median": 0.02154973312,
      "user": 0.006904551504424776,
      "system": 0.014513326725663711,
      "min": 0.01989039912,
      "max": 0.02470098212,
      "times": [
        0.02332248212,
        0.02389844112,
        0.02423819112,
        0.02408394112,
        0.02338969112,
        0.02343710812,
        0.02359827412,
        0.02401502412,
        0.02334306512,
        0.02217381612,
        0.02219981512,
        0.02317539912,
        0.02223506612,
        0.02237927412,
        0.02133064912,
        0.02080673312,
        0.02141077412,
        0.02180844112,
        0.02276927412,
        0.02205419112,
        0.02221106612,
        0.02202814912,
        0.02247764912,
        0.02470098212,
        0.02235102412,
        0.02238381612,
        0.02249381612,
        0.02170081612,
        0.02149852412,
        0.02160169012,
        0.02196423212,
        0.02214181612,
        0.02207544012,
        0.022374816120000002,
        0.02153973312,
        0.02124448212,
        0.02135231612,
        0.02145427412,
        0.02216823212,
        0.02261423312,
        0.02232256612,
        0.02220098212,
        0.02206814912,
        0.02140677412,
        0.02138560712,
        0.02147127412,
        0.02181523212,
        0.02115314912,
        0.02148989912,
        0.02138327412,
        0.02135606612,
        0.02089002412,
        0.02075652412,
        0.02036873212,
        0.02056981612,
        0.02162535712,
        0.02077914912,
        0.02107360812,
        0.02159531512,
        0.02162364912,
        0.02294398312,
        0.02198094112,
        0.02172148212,
        0.02154973312,
        0.02028844112,
        0.02033156612,
        0.02102448312,
        0.02043673212,
        0.02165231612,
        0.02140214912,
        0.02188581612,
        0.02129764912,
        0.02181944112,
        0.02100585812,
        0.02021298212,
        0.02038085712,
        0.02052310712,
        0.01989039912,
        0.02028135712,
        0.02121060712,
        0.02157710812,
        0.02128689912,
        0.02109235712,
        0.02142814912,
        0.02075469112,
        0.02062914912,
        0.02039160712,
        0.02117831512,
        0.02112998212,
        0.02122248212,
        0.02045994012,
        0.02065869112,
        0.02085702412,
        0.02138906612,
        0.02127889912,
        0.02030739912,
        0.02016006612,
        0.02053573212,
        0.02022081612,
        0.02149660712,
        0.02161602412,
        0.02146319112,
        0.02123035812,
        0.02157935812,
        0.02145831512,
        0.02305402412,
        0.02236406612,
        0.02345935712,
        0.02344227412,
        0.02285439912,
        0.02334694112,
        0.02242548212,
        0.02218402412
      ],
      "memory_usage_byte": [
        6045696,
        6045696,
        6045696,
        6045696,
        6045696,
        6045696,
        6045696,
        6356992,
        6356992,
        6356992,
        6356992,
        6356992,
        6356992,
        6356992,
        6356992,
        6356992,
        6356992,
        6356992,
        6356992,
        6356992,
        6356992,
        6356992,
        6356992,
        6356992,
        6356992,
        6356992,
        6356992,
        6356992,
        6356992,
        6356992,
        6356992,
        6356992,
        6356992,
        6356992,
        6356992,
        6356992,
        6356992,
        6356992,
        6356992,
        6356992,
        6356992,
        6356992,
        6356992,
        6356992,
        6356992,
        6356992,
        6356992,
        6356992,
        6356992,
        6356992,
        6356992,
        6356992,
        6356992,
        6356992,
        6356992,
        6356992,
        6356992,
        6356992,
        6356992,
        6356992,
        6356992,
        6356992,
        6356992,
        6356992,
        6356992,
        6356992,
        6356992,
        6356992,
        6356992,
        6356992,
        6356992,
        6356992,
        6356992,
        6356992,
        6356992,
        6356992,
        6356992,
        6356992,
        6356992,
        6356992,
        6356992,
        6356992,
        6356992,
        6356992,
        6356992,
        6356992,
        6356992,
        6356992,
        6356992,
        6356992,
        6356992,
        6356992,
        6356992,
        6356992,
        6356992,
        6356992,
        6356992,
        6356992,
        6356992,
        6356992,
        6356992,
        6356992,
        6356992,
        6356992,
        6356992,
        6356992,
        6356992,
        6356992,
        6356992,
        6356992,
        6356992,
        6356992,
        6356992
      ],
      "exit_codes": [
        0,
        0,
        0,
        0,
        0,
        0,
        0,
        0,
        0,
        0,
        0,
        0,
        0,
        0,
        0,
        0,
        0,
        0,
        0,
        0,
        0,
        0,
        0,
        0,
        0,
        0,
        0,
        0,
        0,
        0,
        0,
        0,
        0,
        0,
        0,
        0,
        0,
        0,
        0,
        0,
        0,
        0,
        0,
        0,
        0,
        0,
        0,
        0,
        0,
        0,
        0,
        0,
        0,
        0,
        0,
        0,
        0,
        0,
        0,
        0,
        0,
        0,
        0,
        0,
        0,
        0,
        0,
        0,
        0,
        0,
        0,
        0,
        0,
        0,
        0,
        0,
        0,
        0,
        0,
        0,
        0,
        0,
        0,
        0,
        0,
        0,
        0,
        0,
        0,
        0,
        0,
        0,
        0,
        0,
        0,
        0,
        0,
        0,
        0,
        0,
        0,
        0,
        0,
        0,
        0,
        0,
        0,
        0,
        0,
        0,
        0,
        0,
        0
      ]
    },
    {
      "command": "/Users/schacon/projects/grit-claude/target/release/grit -C /tmp/grit-bench-everyday/repo-M log --oneline",
      "mean": 0.030481201164943836,
      "stddev": 0.0024932618515017303,
      "median": 0.03009952412,
      "user": 0.01247122426966292,
      "system": 0.01748308719101123,
      "min": 0.028705108120000003,
      "max": 0.05238614912,