{
  "results": [
    {
      "command": "/opt/homebrew/bin/git -c user.email=b@b -c user.name=bench -c init.defaultBranch=main -c commit.gpgsign=false -C /tmp/grit-bench-everyday/repo-L merge -q --no-edit bench-alt 2>/dev/null || true",
      "mean": 0.003454399757837838,
      "stddev": 0.0029101872850151008,
      "median": 0.003174933520000001,
      "user": 0.0018520675675675676,
      "system": 0.0011199918918918918,
      "min": 0.002813392520000001,
      "max": 0.04258672552000001,
      "times": [
        0.002982726520000001,
        0.0029620585200000006,
        0.0031997265200000005,
        0.002944267520000001,
        0.003186600520000001,
        0.003067059520000001,
        0.0032306005200000007,
        0.003005017520000001,
        0.0029520595200000005,
        0.002942100520000001,
        0.0029648515200000006,
        0.0030438515200000007,
        0.0032980595200000004,
        0.0032741425200000004,
        0.0030691005200000005,
        0.0030667255200000007,
        0.0030079765200000004,
        0.002888559520000001,
        0.0029381005200000004,
        0.003065683520000001,
        0.0034744335200000004,
        0.003006559520000001,
        0.0031599335200000007,
        0.003210642520000001,
        0.0033877675200000004,
        0.003003600520000001,
        0.002978684520000001,
        0.003024851520000001,
        0.003376101520000001,
        0.0033589345200000006,
        0.002970684520000001,
        0.003132392520000001,
        0.002991600520000001,
        0.0029044755200000006,
        0.002898183520000001,
        0.003563309520000001,
        0.0028396835200000005,
        0.0028972675200000008,
        0.0029063505200000008,
        0.0029929755200000007,
        0.002889433520000001,
        0.002908309520000001,
        0.002874600520000001,
        0.002813392520000001,
        0.0028746425200000007,
        0.003047309520000001,
        0.0035563085200000007,
        0.003004600520000001,
        0.002973058520000001,
        0.0029633095200000004,
        0.002856726520000001,
        0.002957517520000001,
        0.002936476520000001,
        0.002854600520000001,
        0.002901892520000001,
        0.0029093515200000006,
        0.002835142520000001,
        0.002982558520000001,
        0.002954767520000001,
        0.0031355585200000006,
        0.002836558520000001,
        0.0032273925200000005,
        0.002935100520000001,
        0.0030608925200000005,
        0.0029070595200000006,
        0.0029593095200000008,
        0.002901892520000001,
        0.002857642520000001,
        0.003011017520000001,
        0.0030146845200000006,
        0.0030346005200000007,
        0.0035607255200000012,
        0.003152934520000001,
        0.0032517675200000005,
        0.0032040175200000005,
        0.003489600520000001,
        0.0029811425200000005,
        0.0030501005200000006,
        0.0031543095200000006,
        0.0031178095200000006,
        0.003289059520000001,
        0.0030281425200000007,
        0.003021225520000001,
        0.003069226520000001,
        0.002969392520000001,
        0.0029921005200000007,
        0.003024017520000001,
        0.003044767520000001,
        0.0028889755200000007,
        0.0033157675200000004,
        0.003020642520000001,
        0.0033388095200000004,
        0.003103767520000001,
        0.0030782675200000005,
        0.002949059520000001,
        0.003645851520000001,
        0.0029973095200000006,
        0.003043933520000001,
        0.002946183520000001,
        0.002899308520000001,
        0.0031256005200000006,
        0.0031978095200000008,
        0.0036299765200000006,
        0.003483309520000001,
        0.003080725520000001,
        0.0030296425200000004,
        0.002981059520000001,
        0.003106517520000001,
        0.0029876845200000005,
        0.003004101520000001,
        0.002921309520000001,
        0.0030220585200000007,
        0.0030388505200000006,
        0.003082892520000001,
        0.003045309520000001,
        0.0032335175200000005,
        0.0032333095200000007,
        0.0032016425200000007,
        0.003121058520000001,
        0.004212934520000001,
        0.0032502265200000007,
        0.003517934520000001,
        0.0035158505200000006,
        0.0038591005200000012,
        0.0034145585200000012,
        0.0038851015200000007,
        0.004064684520000001,
        0.004112309520000001,
        0.004239767520000001,
        0.04258672552000001,
        0.0041610595200000005,
        0.004168601520000001,
        0.003587142520000001,
        0.003311267520000001,
        0.003418309520000001,
        0.003546267520000001,
        0.003503517520000001,
        0.0035276015200000005,
        0.003174933520000001,
        0.003985808520000001,
        0.003544934520000001,
        0.003393726520000001,
        0.0035448515200000004,
        0.003306058520000001,
        0.003447517520000001,
        0.0032517675200000005,
        0.003894767520000001,
        0.0035845595200000007,
        0.003373767520000001,
        0.0033458095200000005,
        0.0038735585200000006,
        0.0033001425200000012,
        0.0038574755200000005,
        0.0034312675200000005,
        0.003349142520000001,
        0.0032671005200000007,
        0.003532601520000001,
        0.0034193515200000007,
        0.0034131015200000005,
        0.0033402265200000005,
        0.003415934520000001,
        0.0033832255200000006,
        0.003827101520000001,
        0.0035681425200000012,
        0.0034648505200000007,
        0.003377017520000001,
        0.003319142520000001,
        0.0033618925200000005,
        0.003368642520000001,
        0.003358101520000001,
        0.003270725520000001,
        0.0032721845200000006,
        0.0035481845200000008,
        0.003855225520000001,
        0.0035453505200000006,
        0.0034078925200000006,
        0.003589850520000001,
        0.0036437675200000005,
        0.003516434520000001,
        0.0035025175200000007,
        0.0032223085200000006,
        0.0034608515200000006,
        0.0034228515200000007,
        0.0035086425200000007,
        0.0040396845200000005
      ],