{
  "results": [
    {
      "command": "/opt/homebrew/bin/git -c user.email=b@b -c user.name=bench -c init.defaultBranch=main -c commit.gpgsign=false -C /tmp/grit-bench-everyday/repo-M merge -q --no-edit bench-alt 2>/dev/null || true",
      "mean": 0.003149911769595375,
      "stddev": 0.00012475224979897626,
      "median": 0.00311466418,
      "user": 0.0018667493641618487,
      "system": 0.001069901387283237,
      "min": 0.0029417061800000002,
      "max": 0.00366458118,
      "times": [
        0.0031528311799999998,
        0.00311466418,
        0.0031745801800000003,
        0.0030896641800000004,
        0.00308662318,
        0.0031259551800000003,
        0.00305878918,
        0.00314478918,
        0.00297053918,
        0.00308708118,
        0.0030785801799999997,
        0.0030446231800000004,
        0.0030520811800000005,
        0.0030673731799999997,
        0.0030571221800000004,
        0.00305970518,
        0.00296003918,
        0.00359012218,
        0.0032843721800000004,
        0.0031467061799999997,
        0.0031186221800000003,
        0.0032164141800000005,
        0.0031330391800000004,
        0.00310053918,
        0.00314949718,
        0.0031719141800000002,
        0.0033692481799999997,
        0.0030776641800000005,
        0.00312008118,
        0.0031063731799999997,
        0.00306987218,
        0.0030843311799999998,
        0.00307737218,
        0.00305916418,
        0.00313437318,
        0.0031539141800000004,
        0.00306637218,
        0.00352583118,
        0.0031554981800000002,
        0.00305520518,
        0.0035725811799999997,
        0.0031887891799999997,
        0.0031617051800000005,
        0.00332408118,
        0.00316595618,
        0.00308128918,
        0.0032609971800000004,
        0.00314974718,
        0.0033419141800000002,
        0.00320791418,
        0.00366458118,
        0.00310958118,
        0.0031278301800000004,
        0.00312816418,
        0.0030895391800000002,
        0.0030655391800000005,
        0.0030997061800000004,
        0.00309145618,
        0.00305362318,
        0.0031659141800000003,
        0.00314128918,
        0.00310941418,
        0.00315033118,
        0.0034240811800000004,
        0.0032943301800000004,
        0.00316599718,
        0.00313149718,
        0.0031599141800000004,
        0.00318987318,
        0.00310416418,
        0.00334483118,
        0.00323887218,
        0.00310078918,
        0.00308537218,
        0.00322424718,
        0.00315320618,
        0.0031267471799999997,
        0.0031100811800000004,
        0.00306758018,
        0.0031410391799999997,
        0.00331920518,
        0.00308670518,
        0.0030768301799999997,
        0.00309195518,
        0.00313533018,
        0.0031071231800000004,
        0.00315003918,
        0.0035115811800000003,
        0.00315441418,
        0.0031520391800000003,
        0.00315716418,
        0.0031242051800000003,
        0.0031419141799999997,
        0.0031330391800000004,
        0.00307974818,
        0.0031601641799999997,
        0.0030772471799999997,
        0.0030404971800000002,
        0.0030419551800000004,
        0.0030494971799999997,
        0.0030877891800000002,
        0.00318741418,
        0.00306937318,
        0.0030807061800000005,
        0.0031029141799999997,
        0.0030603731800000005,
        0.00320653918,
        0.0031535811800000005,
        0.00333787218,
        0.0029847891800000004,
        0.00366437318,
        0.0032155391800000005,
        0.00308391418,
        0.0030636231800000003,
        0.0032910391800000005,
        0.0031571221799999998,
        0.0031124971800000002,
        0.0030925391799999998,
        0.0030802891799999997,
        0.00307445518,
        0.0031753311799999997,
        0.0031127471800000005,
        0.00309145618,
        0.00308145518,
        0.0030596221800000003,
        0.00303945618,
        0.00306033118,
        0.00304503918,
        0.00305237218,
        0.0030988721800000005,
        0.00308437318,
        0.00306474718,
        0.0029417061800000002,
        0.00357845518,
        0.00315678918,
        0.00312087218,
        0.00312183118,
        0.00316753918,
        0.0030738311799999997,
        0.00310099718,
        0.0030607471799999997,
        0.0031623311799999997,
        0.0031131641800000004,
        0.00309083118,
        0.0030932481800000004,
        0.00313058118,
        0.00309466418,
        0.0030692471800000004,
        0.00307912218,
        0.0031034141800000002,
        0.00307749718,
        0.00309258118,
        0.0030867471800000005,
        0.0030438731800000005,
        0.00313966418,
        0.0030718311800000003,
        0.0029892891799999997,
        0.0036023301800000005,
        0.0032157481799999998,
        0.00319853918,
        0.0032542471799999998,
        0.0033852891800000002,
        0.00316699718,
        0.0032345391800000004,
        0.00317066418,
        0.00319037218,
        0.00308216418,
        0.0031883311799999997,
        0.00316478918,
        0.00308487318,
        0.00308412318,
        0.0032710801799999997,
        0.00321045618
      ],