{
  "results": [
    {
      "command": "/opt/homebrew/bin/git -c user.email=b@b -c user.name=bench -c init.defaultBranch=main -c commit.gpgsign=false -C /tmp/grit-bench-everyday/repo-H merge -q --no-edit bench-alt 2>/dev/null || true",
      "mean": 0.006368575493271032,
      "stddev": 0.00027326576750017574,
      "median": 0.006343195540000001,
      "user": 0.002926267476635515,
      "system": 0.0031262179439252333,
      "min": 0.005861571540000001,
      "max": 0.007542445540000001,
      "times": [
        0.00653790454,
        0.00636848754,
        0.006495862540000001,
        0.007255820540000001,
        0.00657832054,
        0.00644390454,
        0.006755404540000001,
        0.006450028540000001,
        0.00654465454,
        0.0064727375400000006,
        0.00624136254,
        0.006362195540000001,
        0.00644440454,
        0.006377862540000001,
        0.006500612540000001,
        0.0063126545400000005,
        0.00658782154,
        0.00650402854,
        0.006600320540000001,
        0.006456570540000001,
        0.00651057054,
        0.00639048754,
        0.00638873754,
        0.006394028540000001,
        0.006399987540000001,
        0.006343195540000001,
        0.00633432154,
        0.00632786254,
        0.00630819554,
        0.00622469654,
        0.00605411254,
        0.006186862540000001,
        0.00665444554,
        0.00637907054,
        0.00602032154,
        0.00627952954,
        0.006127612540000001,
        0.006206237540000001,
        0.00616232054,
        0.00638677954,
        0.006575737540000001,
        0.006210528540000001,
        0.0060096125400000006,
        0.00643069554,
        0.00600219554,
        0.006033987540000001,
        0.00685594554,
        0.00669911254,
        0.006384695540000001,
        0.0062805705400000005,
        0.006301737540000001,
        0.006511237540000001,
        0.00672002954,
        0.00628077854,
        0.006310237540000001,
        0.00663352954,
        0.00647177954,
        0.00621652854,
        0.006017695540000001,
        0.005861571540000001,
        0.00599619654,
        0.00645461254,
        0.00660223754,
        0.006217529540000001,
        0.00644715454,
        0.00631719654,
        0.00617957054,
        0.006375737540000001,
        0.0063607785400000005,
        0.00612036254,
        0.0061440715400000005,
        0.006306362540000001,
        0.006312528540000001,
        0.006431737540000001,
        0.006237820540000001,
        0.00670369554,
        0.006993945540000001,
        0.00620140454,
        0.00607907054,
        0.006202237540000001,
        0.0060480705400000005,
        0.00607215354,
        0.00624207054,
        0.006168778540000001,
        0.006024445540000001,
        0.00634969554,
        0.006316070540000001,
        0.00636132054,
        0.00604198754,
        0.00739665454,
        0.006387987540000001,
        0.00623882054,
        0.00613711254,
        0.00647527954,
        0.006297196540000001,
        0.0061799455400000005,
        0.00625065354,
        0.00622398754,
        0.006315570540000001,
        0.006413153540000001,
        0.006209362540000001,
        0.00594065454,
        0.006214987540000001,
        0.006373321540000001,
        0.00695423754,
        0.00639882154,
        0.007542445540000001
      ],
      "memory_usage_byte": [
        7962624,
        7962624,
        7962624,
        7962624,
        7962624,
        7962624,
        7962624,
        7962624,
        7962624,
        7962624,
        7962624,
        7962624,
        7962624,
        7962624,
        7962624,
        7962624,
        7962624,
        7962624,
        7962624,
        7962624,
        7962624,
        7962624,
        7962624,
        7962624,
        7962624,
        7962624,
        7962624,
        7962624,
        7962624,
        7962624,
        7962624,
        7962624,
        7962624,
        7962624,
        7962624,
        7962624,
        7962624,
        7962624,
        7962624,
        7962624,
        7962624,
        7962624,
        7962624,
        7962624,
        7962624,
        7962624,
        7962624,
        7962624,
        7962624,
        7962624,
        7962624,
        7962624,
        7962624,
        7962624,
        7962624,
        7962624,
        7962624,
        7962624,
        7962624,
        7962624,
        7962624,
        7962624,
        7962624,
        7962624,
        7962624,
        7962624,
        7962624,
        7962624,
        7962624,
        7962624,
        7962624,
        7962624,
        7962624,
        7962624,
        7962624,
        7962624,
        7962624,
        7962624,
        7962624,
        7962624,
        7962624,
        7962624,
        7962624,
        7962624,
        7962624,
        7962624,
        7962624,
        7962624,
        7962624,
        7962624,
        7962624,
        7962624,
        7962624,
        7962624,
        7962624,
        7962624,
        7962624,
        7962624,
        7962624,
        7962624,
        7962624,
        7962624,
        7962624,
        7962624,
        7962624,
        7962624,
        7962624
      ],
      "exit_codes": [
        0,
        0,
        0,
        0,
        0,
        0,
        0,
        0,
        0,
        0,
        0,
        0,
        0,
        0,
        0,
        0,
        0,
        0,
        0,
        0,
        0,
        0,
        0,
        0,
        0,
        0,
        0,
        0,
        0,
        0,
        0,
        0,
        0,
        0,
        0,
        0,
        0,
        0,
        0,
        0,
        0,
        0,
        0,
        0,
        0,
        0,
        0,
        0,
        0,
        0,
        0,
        0,
        0,
        0,
        0,
        0,
        0,
        0,
        0,
        0,
        0,
        0,
        0,
        0,
        0,
        0,
        0,
        0,
        0,
        0,
        0,
        0,
        0,
        0,
        0,
        0,
        0,
        0,
        0,
        0,
        0,
        0,
        0,
        0,
        0,
        0,
        0,
        0,
        0,
        0,
        0,
        0,
        0,
        0,
        0,
        0,
        0,
        0,
        0,
        0,
        0,
        0,
        0,
        0,
        0,
        0,
        0
      ]
    },
    {
      "command": "/Users/schacon/projects/grit-claude/target/release/grit -C /tmp/grit-bench-everyday/repo-H merge -q --no-edit bench-alt 2>/dev/null || true",
      "mean": 0.33324655424,
      "stddev": 0.005642095640717322,
      "median": 0.33188052904,
      "user": 0.17159265999999998,
      "system": 0.16093096,
      "min": 0.32383582054,
      "max": 0.34239223754000003,
      "times": [
        0.32383582054,
        0.33077815454,
        0.34239223754000003,
        0.33671857054,
        0.34144086254,
        0.33223811254,
        0.33152294554,
        0.32942357154,
        0.33011223754,
        0.33400302954
      ],
      "memory_usage_byte": [
        14876672,
        14876672,
        14876672,
        14876672,
        14876672,
        14876672,
        14876672,
        14876672,
        14876672,
        14876672
      ],
      "exit_codes": [
        0,
        0,
        0,
        0,
        0,
        0,
        0,
        0,
        0,
        0
      ]
    }
  ]
}
