{
  "results": [
    {
      "command": "/opt/homebrew/bin/git -c user.email=b@b -c user.name=bench -c init.defaultBranch=main -c commit.gpgsign=false -C /tmp/grit-bench-everyday/repo-S merge -q --no-edit bench-alt 2>/dev/null || true",
      "mean": 0.00324011203566265,
      "stddev": 0.00017376498480321784,
      "median": 0.0031930166199999996,
      "user": 0.0019074484337349396,
      "system": 0.0011031706024096386,
      "min": 0.0030295996199999997,
      "max": 0.00406951662,
      "times": [
        0.0032779756199999995,
        0.00333330862,
        0.0033561826199999998,
        0.0031326836199999995,
        0.0031595586199999995,
        0.00321230862,
        0.00315514162,
        0.00310085062,
        0.00312135062,
        0.0033783916200000002,
        0.0032039336199999996,
        0.0034561836199999995,
        0.00320855862,
        0.00406951662,
        0.0035222246199999997,
        0.00367901662,
        0.0031957666199999997,
        0.0032251416199999996,
        0.00321689162,
        0.00356126662,
        0.00322405862,
        0.00326834962,
        0.0031299336200000002,
        0.00339943362,
        0.00352597462,
        0.0032692666199999995,
        0.00316772462,
        0.0033270996199999997,
        0.00321951662,
        0.00316043262,
        0.0031868916199999995,
        0.0032402246199999996,
        0.0030754336199999995,
        0.0030612256199999996,
        0.0032340586200000003,
        0.0036481416200000003,
        0.00336076662,
        0.00320159962,
        0.0031512666199999995,
        0.0031972666199999995,
        0.00334535062,
        0.0031312666199999994,
        0.0030917256199999997,
        0.0030800576199999995,
        0.0036391836199999995,
        0.00329430862,
        0.0032865166200000003,
        0.0030819756199999995,
        0.0035473496199999997,
        0.0031131416199999995,
        0.00309430862,
        0.0031141826199999998,
        0.00334501662,
        0.0031420166199999998,
        0.00309230862,
        0.00305539162,
        0.0032242256199999995,
        0.0033600586199999997,
        0.0030561416199999998,
        0.0036163506199999996,
        0.0033560166199999996,
        0.0031398916200000002,
        0.00317943262,
        0.0031848086199999996,
        0.00314664162,
        0.0036203916200000003,
        0.0032429746199999997,
        0.0032177246199999996,
        0.0032642666199999997,
        0.0034772666200000002,
        0.0031537666200000002,
        0.00318330862,
        0.0031588496199999997,
        0.0032351836199999997,
        0.0032055586199999995,
        0.0031566416199999997,
        0.00307885062,
        0.0035080586200000002,
        0.00308468362,
        0.00315634962,
        0.0031006836199999996,
        0.00372501662,
        0.00317197462,
        0.00310689162,
        0.00307801662,
        0.0031191826199999995,
        0.0030712246199999997,
        0.00314326662,
        0.00343693362,
        0.0032794336199999997,
        0.00318214162,
        0.0034087666200000003,
        0.00316534962,
        0.0032683916199999995,
        0.0030431416199999998,
        0.00306205862,
        0.00307422462,
        0.00321839162,
        0.0031116416199999998,
        0.0031764756199999995,
        0.0031070166199999995,
        0.00309089162,
        0.00313572462,
        0.00349685062,
        0.0035869746200000003,
        0.0036114746199999996,
        0.00313330862,
        0.0032305586200000003,
        0.0032631416199999995,
        0.00318135062,
        0.0032837246199999997,
        0.00319730862,
        0.00323422562,
        0.00311701662,
        0.0032440166200000003,
        0.0030923916199999996,
        0.0031612246199999995,
        0.00330514162,
        0.00338655862,
        0.00312160062,
        0.00312164162,
        0.00308072562,
        0.0032936416199999996,
        0.0030609326200000003,
        0.0035718076200000003,
        0.0031902666199999995,
        0.00304164162,
        0.00367447462,
        0.0037326836200000002,
        0.00320314162,
        0.00317572462,
        0.0030663916199999996,
        0.00341476662,
        0.00315809962,
        0.00305476662,
        0.00308043362,
        0.0032550996199999997,
        0.0031826416199999996,
        0.00313026662,
        0.00325589162,
        0.00323501662,
        0.00308180862,
        0.00306401662,
        0.0030578916199999998,
        0.0030943496200000003,
        0.00312430862,
        0.0030295996199999997,
        0.00350401662,
        0.00339405862,
        0.0033118076199999996,
        0.0034455166199999997,
        0.00317834962,
        0.00315264162,
        0.0030684746199999995,
        0.00328072462,
        0.00315768262,
        0.0031081416199999997,
        0.00329322562,
        0.0032093506200000003,
        0.0032701826199999996,
        0.00326614162,
        0.00333055762,
        0.0031995996199999997,
        0.0030766416199999994,
        0.00310839162,
        0.0030708916199999998
      ],
      "memory_usage_byte": [
        4538368,
        4538368,
        4538368,
        4538368,
        4538368,
        4538368,
        4538368,
        4538368,
        4538368,
        4538368,
        4538368,
        4538368,
        4538368,
        4538368,
        4538368,
        4538368,
        4538368,
        4538368,
        4538368,
        4538368,
        4538368,
        4538368,
        4538368,
        4538368,
        4538368,
        4538368,
        4538368,
        4538368,
        4538368,
        4538368,
        4538368,
        4538368,
        4538368,
        4538368,
        4538368,
        4538368,
        4538368,
        4538368,
        4538368,
        4538368,
        4538368,
        4538368,
        4538368,
        4538368,
        4538368,
        4538368,
        4538368,
        4538368,
        4538368,
        4538368,
        4538368,
        4538368,
        4538368,
        4538368,
        4538368,
        4538368,
        4538368,
        4538368,
        4538368,
        4538368,
        4538368,
        4538368,
        4538368,
        4538368,
        4538368,
        4538368,
        4538368,
        4538368,
        4538368,
        4538368,
        4538368,
        4538368,
        4538368,
        4538368,
        4538368,
        4538368,
        4538368,
        4538368,
        4538368,
        4538368,
        4538368,
        4538368,
        4538368,
        4538368,
        4538368,
        4538368,
        4538368,
        4538368,
        4538368,
        4538368,
        4538368,
        4538368,
        4538368,
        4538368,
        4538368,
        4538368,
        4538368,
        4538368,
        4538368,
        4538368,
        4538368,
        4538368,
        4538368,
        4538368,
        4538368,
        4538368,
        4538368,
        4538368,
        4538368,
        4538368,
        4538368,
        4538368,
        4538368,
        4538368,
        4538368,
        4538368,
        4538368,
        4538368,
        4538368,
        4538368,
        4538368,
        4538368,
        4538368,
        4538368,
        4538368,
        4538368,
        4538368,
        4538368,
        4538368,
        4538368,
        4538368,
        4538368,
        4538368,
        4538368,
        4538368,
        4538368,
        4538368,
        4538368,
        4538368,
        4538368,
        4538368,
        4538368,
        4538368,
        4538368,
        4538368,
        4538368,
        4538368,
        4538368,
        4538368,
        4538368,
        4538368,
        4538368,
        4538368,
        4538368,
        4538368,
        4538368,
        4538368,
        4538368,
        4538368,
        4538368,
        4538368,
        4538368,
        4538368,
        4538368,
        4538368,
        4538368
      ],