{
  "results": [
    {
      "command": "/opt/homebrew/bin/git -c user.email=b@b -c user.name=bench -c init.defaultBranch=main -c commit.gpgsign=false -C /tmp/grit-bench-everyday/repo-H rebase -q main 2>/dev/null || /opt/homebrew/bin/git -c user.email=b@b -c user.name=bench -c init.defaultBranch=main -c commit.gpgsign=false -C /tmp/grit-bench-everyday/repo-H rebase --abort 2>/dev/null; true",
      "mean": 0.017036676759130447,
      "stddev": 0.000780603777128466,
      "median": 0.016952556020000002,
      "user": 0.005561766521739132,
      "system": 0.010826510434782608,
      "min": 0.01565445202,
      "max": 0.018913868020000002,
      "times": [
        0.01636232602,
        0.016384952020000003,
        0.01626041002,
        0.016058076020000003,
        0.015909326020000003,
        0.016814535020000004,
        0.01771261802,
        0.016410243020000003,
        0.017933660020000002,
        0.01637036802,
        0.01628078502,
        0.016638326020000004,
        0.01635274402,
        0.016953077020000002,
        0.016197035020000004,
        0.016799535020000003,
        0.015938493020000003,
        0.015784826020000003,
        0.01571357602,
        0.018250702020000002,
        0.016064285020000003,
        0.016072077020000002,
        0.015969993020000003,
        0.01660145102,
        0.01565445202,
        0.01590874402,
        0.015664077020000004,
        0.01692911802,
        0.01609636902,
        0.016952035020000002,
        0.016756827020000004,
        0.018447910020000003,
        0.01805986802,
        0.016655076020000003,
        0.01721424402,
        0.016670744020000003,
        0.016030576020000003,
        0.016821827020000003,
        0.016866577020000002,
        0.01683474402,
        0.01633211802,
        0.017228494020000002,
        0.018125701020000003,
        0.017312285020000002,
        0.016984827020000003,
        0.016879535020000003,
        0.017043993020000002,
        0.017046285020000003,
        0.01728716002,
        0.01792024302,
        0.01682007602,
        0.016728619020000002,
        0.01726591002,
        0.017685702020000003,
        0.01817424402,
        0.01781753502,
        0.01787545202,
        0.017805160020000002,
        0.017624327020000004,
        0.01792486802,
        0.017062202020000004,
        0.01792036802,
        0.018301035020000002,
        0.01779678502,
        0.01730949302,
        0.017414202020000002,
        0.01688636802,
        0.016828077020000002,
        0.016377702020000003,
        0.01647824402,
        0.015872660020000002,
        0.01612491002,
        0.01695557702,
        0.01742953502,
        0.01732570102,
        0.01694028502,
        0.016985327020000003,
        0.01838420202,
        0.01796495202,
        0.017527410020000002,
        0.017210202020000002,
        0.017538826020000002,
        0.01649345102,
        0.018827243020000002,
        0.01734666002,
        0.01775266002,
        0.01772741002,
        0.017150701020000002,
        0.01808841002,
        0.01822624302,
        0.016934410020000002,
        0.018913868020000002
      ],
      "memory_usage_byte": [
        9158656,
        9175040,
        9175040,
        9175040,
        9175040,
        9175040,
        9175040,
        9175040,
        9175040,
        9175040,
        9175040,
        9175040,
        9175040,
        9175040,
        9175040,
        9175040,
        9175040,
        9175040,
        9175040,
        9175040,
        9175040,
        9175040,
        9175040,
        9175040,
        9175040,
        9175040,
        9175040,
        9175040,
        9175040,
        9175040,
        9175040,
        9175040,
        9175040,
        9175040,
        9175040,
        9175040,
        9175040,
        9175040,
        9175040,
        9175040,
        9175040,
        9289728,
        9289728,
        9289728,
        9289728,
        9289728,
        9289728,
        9289728,
        9289728,
        9289728,
        9289728,
        9289728,
        9289728,
        9289728,
        9289728,
        9289728,
        9289728,
        9289728,
        9289728,
        9289728,
        9289728,
        9289728,
        9289728,
        9289728,
        9289728,
        9682944,
        9682944,
        9682944,
        9682944,
        9682944,
        9682944,
        9682944,
        9682944,
        9682944,
        9682944,
        9682944,
        9682944,
        9682944,
        9682944,
        9682944,
        9682944,
        9682944,
        9682944,
        9682944,
        9682944,
        9682944,
        9682944,
        9682944,
        9682944,
        9682944,
        9682944,
        9682944
      ],
      "exit_codes": [
        0,
        0,
        0,
        0,
        0,
        0,
        0,
        0,
        0,
        0,
        0,
        0,
        0,
        0,
        0,
        0,
        0,
        0,
        0,
        0,
        0,
        0,
        0,
        0,
        0,
        0,
        0,
        0,
        0,
        0,
        0,
        0,
        0,
        0,
        0,
        0,
        0,
        0,
        0,
        0,
        0,
        0,
        0,
        0,
        0,
        0,
        0,
        0,
        0,
        0,
        0,
        0,
        0,
        0,
        0,
        0,
        0,
        0,
        0,
        0,
        0,
        0,
        0,
        0,
        0,
        0,
        0,
        0,
        0,
        0,
        0,
        0,
        0,
        0,
        0,
        0,
        0,
        0,
        0,
        0,
        0,
        0,
        0,
        0,
        0,
        0,
        0,
        0,
        0,
        0,
        0,
        0
      ]
    },
    {
      "command": "/Users/schacon/projects/grit-claude/target/release/grit -C /tmp/grit-bench-everyday/repo-H rebase -q main 2>/dev/null || /Users/schacon/projects/grit-claude/target/release/grit -C /tmp/grit-bench-everyday/repo-H rebase --abort 2>/dev/null; true",
      "mean": 5.804588305819999,
      "stddev": 0.26127714727568574,
      "median": 5.823757223019999,
      "user": 4.939799259999999,
      "system": 0.84953378,
      "min": 5.27596566002,
      "max": 6.233277826019999,
      "times": [
        5.82804357702,
        5.56331220202,
        5.69406703502,
        5.27596566002,
        5.77767049302,
        6.0293175760199995,
        5.96486191002,
        5.85989591002,
        6.233277826019999,
        5.81947086902
      ],
      "memory_usage_byte": [
        715423744,
        715423744,
        715423744,
        715423744,
        715423744,
        743374848,
        743374848,
        743374848,
        743374848,
        743374848
      ],
      "exit_codes": [
        0,
        0,
        0,
        0,
        0,
        0,
        0,
        0,
        0,
        0
      ]
    }
  ]
}
