{
  "results": [
    {
      "command": "/opt/homebrew/bin/git -c user.email=b@b -c user.name=bench -c init.defaultBranch=main -c commit.gpgsign=false -C /tmp/grit-bench-everyday/repo-M rebase -q main 2>/dev/null || /opt/homebrew/bin/git -c user.email=b@b -c user.name=bench -c init.defaultBranch=main -c commit.gpgsign=false -C /tmp/grit-bench-everyday/repo-M rebase --abort 2>/dev/null; true",
      "mean": 0.006774635156263736,
      "stddev": 0.003441573280324407,
      "median": 0.0065171929200000004,
      "user": 0.00392050857142857,
      "system": 0.0022539399999999994,
      "min": 0.005863609920000001,
      "max": 0.052518443920000005,
      "times": [
        0.00744656792,
        0.007079109920000001,
        0.00728965192,
        0.00708931792,
        0.00711181892,
        0.006787651920000001,
        0.007046484920000001,
        0.0069552769200000005,
        0.0069782349200000005,
        0.006675109920000001,
        0.007049484920000001,
        0.00687223492,
        0.006983776920000001,
        0.007603359920000001,
        0.00743994392,
        0.00698040192,
        0.007097568920000001,
        0.006570526920000001,
        0.0069115689200000005,
        0.00677531792,
        0.006639776920000001,
        0.00656169292,
        0.00675456892,
        0.006593484920000001,
        0.00697623492,
        0.006721401920000001,
        0.00659785992,
        0.00684190192,
        0.00659327592,
        0.006924734920000001,
        0.00673519292,
        0.00654844392,
        0.006566109920000001,
        0.006588817920000001,
        0.00746756892,
        0.00686990192,
        0.00679223492,
        0.006660776920000001,
        0.006983609920000001,
        0.00729835992,
        0.007033984920000001,
        0.006763942920000001,
        0.006549984920000001,
        0.00677552592,
        0.006467317920000001,
        0.00643673492,
        0.00663156792,
        0.006735734920000001,
        0.00652135992,
        0.006501484920000001,
        0.00723119292,
        0.0070866939200000005,
        0.00769827592,
        0.007691942920000001,
        0.00789865192,
        0.007901026920000002,
        0.052518443920000005,
        0.00728240192,
        0.0070056519200000006,
        0.00650144292,
        0.007587734920000001,
        0.007127776920000001,
        0.00691398492,
        0.00661510992,
        0.00658585992,
        0.00664752592,
        0.00648148492,
        0.006611568920000001,
        0.006465151920000001,
        0.006539401920000001,
        0.006504193920000001,
        0.00651248492,
        0.00659598492,
        0.006549526920000001,
        0.00650435992,
        0.006450192920000001,
        0.006433526920000001,
        0.00676890092,
        0.0077172349200000006,
        0.006871442920000001,
        0.0066459849199999995,
        0.00657860992,
        0.006591859920000001,
        0.006571442920000001,
        0.006567151920000001,
        0.00667540192,
        0.007116275920000001,
        0.00737544292,
        0.00678310992,
        0.006542818920000001,
        0.00685273492,
        0.00661735992,
        0.00666515192,
        0.00656498492,
        0.007334942920000001,
        0.006667901920000001,
        0.006476568920000001,
        0.006500943920000001,
        0.00649244292,
        0.006459150920000001,
        0.00651927592,
        0.0065151099200000005,
        0.006442026920000001,
        0.006442817920000001,
        0.0064570689200000005,
        0.006496276920000001,
        0.0065025269200000005,
        0.006496567920000001,
        0.006249067920000001,
        0.006298817920000001,
        0.00630994292,
        0.006025317920000001,
        0.00677835992,
        0.006682693920000001,
        0.00653777592,
        0.00643848492,
        0.00642252692,
        0.006435984920000001,
        0.00627127592,
        0.00620640092,
        0.00614894292,
        0.0061414439200000006,
        0.006072150920000001,
        0.00610127692,
        0.00603131792,
        0.00605635992,
        0.00606702692,
        0.00608019392,
        0.00604331892,
        0.00602360992,
        0.00598023492,
        0.00600277692,
        0.00607340092,
        0.00602406792,
        0.00606594392,
        0.006048651920000001,
        0.00602606792,
        0.00600673492,
        0.0058958599200000005,
        0.00597485992,
        0.00663252692,
        0.00616519392,
        0.006144817920000001,
        0.006072443920000001,
        0.006206484920000001,
        0.006096400920000001,
        0.00600948492,
        0.005863609920000001,
        0.00598069292,
        0.00593277592,
        0.005917359920000001,
        0.00591631792,
        0.00634960992,
        0.00602581792,
        0.0059084019199999996,
        0.0059538599199999995,
        0.0059544019200000005,
        0.0059505689200000005,
        0.00604427692,
        0.00596615192,
        0.00590231792,
        0.00606127692,
        0.00591365192,
        0.00592440192,
        0.00598594292,
        0.00598106892,
        0.005901734920000001,
        0.0062020689200000005,
        0.006123817920000001,
        0.00608969292,
        0.0059604429200000005,
        0.005922359920000001,
        0.006628775920000001,
        0.005980651920000001,
        0.00600610992,
        0.005886567920000001,
        0.00592252692,
        0.00595202692,
        0.00592606892,
        0.006060984920000001,
        0.005997693920000001,
        0.0059131939199999995
      ],