{
  "results": [
    {
      "command": "/opt/homebrew/bin/git -c user.email=b@b -c user.name=bench -c init.defaultBranch=main -c commit.gpgsign=false -C /tmp/grit-bench-everyday/repo-S rebase -q main 2>/dev/null || /opt/homebrew/bin/git -c user.email=b@b -c user.name=bench -c init.defaultBranch=main -c commit.gpgsign=false -C /tmp/grit-bench-everyday/repo-S rebase --abort 2>/dev/null; true",
      "mean": 0.0062982169932692305,
      "stddev": 0.00023948381257514492,
      "median": 0.006232599200000001,
      "user": 0.003767610384615384,
      "system": 0.0021364182692307694,
      "min": 0.006002016200000002,
      "max": 0.007948599200000002,
      "times": [
        0.006433057200000002,
        0.0066043912,
        0.006209516200000001,
        0.0064683072000000005,
        0.006144266200000002,
        0.0061664322,
        0.006716141200000001,
        0.0061905572,
        0.0061536412000000006,
        0.006124307200000002,
        0.006094474200000002,
        0.006357391200000001,
        0.006228515200000001,
        0.0060703492,
        0.006029682200000001,
        0.006139224200000001,
        0.006294391200000001,
        0.006002016200000002,
        0.0061175992000000005,
        0.0061066412,
        0.0062187662000000015,
        0.0063254742,
        0.006152599200000001,
        0.006233558200000001,
        0.006031516200000002,
        0.0064900162,
        0.006464849200000001,
        0.0062907242,
        0.0062498082,
        0.007948599200000002,
        0.0072220162000000004,
        0.006372433200000001,
        0.0064185162,
        0.0063563912,
        0.0064338082,
        0.006268641200000001,
        0.006403099200000002,
        0.0062385162000000004,
        0.0061720152,
        0.006276182200000001,
        0.0062329742000000014,
        0.0064119742,
        0.006198057200000001,
        0.0061582662,
        0.0061226822,
        0.006208307200000001,
        0.0063756412000000005,
        0.0062600572,
        0.006114599200000001,
        0.006209307200000002,
        0.0062568912000000015,
        0.006690474200000001,
        0.0070750992000000006,
        0.006503099200000001,
        0.006371349200000001,
        0.006469974200000001,
        0.006304432200000001,
        0.006300683200000001,
        0.006501890200000001,
        0.006160682200000002,
        0.006164474200000001,
        0.006114932200000001,
        0.0060818082,
        0.006268974200000001,
        0.006188099200000002,
        0.0061380162000000005,
        0.006091391200000001,
        0.0060821412,
        0.0062719742000000005,
        0.006099307200000001,
        0.006051182200000001,
        0.0060568902000000015,
        0.006174183200000001,
        0.0061581402,
        0.006101766200000001,
        0.006175141200000001,
        0.0061433492,
        0.0062898912000000015,
        0.006223849200000001,
        0.006416974200000002,
        0.006530391200000001,
        0.0065910572,
        0.006453808200000001,
        0.006112849200000001,
        0.0061550162,
        0.0061239742,
        0.006348349200000001,
        0.0064902242,
        0.0061623072000000015,
        0.006367016200000001,
        0.0062492242,
        0.006171474200000001,
        0.007125599200000001,
        0.0062490992,
        0.006906390200000001,
        0.006227974200000002,
        0.006128849200000001,
        0.0061158492000000005,
        0.006104557200000001,
        0.006204140200000001,
        0.006124599200000001,
        0.0061651832,
        0.0063895992,
        0.006078349200000001,
        0.006346724200000001,
        0.0064710992,
        0.006525807200000001,
        0.006117516200000001,
        0.006417099200000002,
        0.0067415992,
        0.0062265992,
        0.006158141200000002,
        0.006335224200000001,
        0.006254516200000001,
        0.006159807200000001,
        0.006141265200000001,
        0.006083724200000001,
        0.0060852652,
        0.006444807200000001,
        0.006136182200000001,
        0.006375640200000001,
        0.0061642242,
        0.006196474200000001,
        0.0063893912,
        0.006578349200000002,
        0.0062775582,
        0.006383099200000001,
        0.0064581402,
        0.0062522662,
        0.006098891200000001,
        0.006452182200000002,
        0.006103057200000001,
        0.0061517242,
        0.006079599200000001,
        0.006081474200000001,
        0.0063194332,
        0.0061003072,
        0.0063513492,
        0.0060954322000000005,
        0.0061569742,
        0.0062726402,
        0.0064836822,
        0.006232224200000001,
        0.0065704322,
        0.006179432200000001,
        0.006258058200000001,
        0.006122057200000001,
        0.0061350582000000015,
        0.006135099200000001,
        0.006215808200000001,
        0.006276057200000001,
        0.006189432200000001,
        0.006129140200000001,
        0.0061635152000000006,
        0.0063047242,
        0.0061653082000000005,
        0.0061696822,
        0.0063759742000000005,
        0.006295683200000001,
        0.0061574322,
        0.0061203492000000016,
        0.006307807200000001,
        0.0061756402000000005,
        0.0060960162,
        0.0062898912000000015,
        0.0067430162,
        0.006395141200000001,
        0.006224433200000001,
        0.006200557200000002,
        0.006185349200000001,
        0.006255307200000001,
        0.006189349200000001,
        0.006221683200000001,
        0.0062695162,
        0.0061173492,
        0.006198057200000001,
        0.006293266200000001,
        0.006472307200000001,
        0.006250808200000001,
        0.006220599200000001,
        0.0062887662,
        0.006236057200000001,
        0.006127890200000001,
        0.006117391200000001,
        0.006142141200000001,
        0.0062256402,
        0.006211349200000001,
        0.006193641200000001,
        0.006391140200000001,
        0.006251474200000001,
        0.0068486832000000004,
        0.0066513912000000005,
        0.0069834322,
        0.0063581412,
        0.0061548912,
        0.006358099200000002,
        0.006185015200000001,
        0.006801724200000001,
        0.0067841832,
        0.006698640200000001,
        0.006203182200000001,
        0.006262890200000001,
        0.006400849200000001,
        0.006540557200000002,
        0.006257432200000001,
        0.0062819742,
        0.0070314742,
        0.0062590162
      ],