{
  "results": [
    {
      "command": "/opt/homebrew/bin/git -c user.email=b@b -c user.name=bench -c init.defaultBranch=main -c commit.gpgsign=false -C /tmp/grit-bench-everyday/repo-L rebase -q main 2>/dev/null || /opt/homebrew/bin/git -c user.email=b@b -c user.name=bench -c init.defaultBranch=main -c commit.gpgsign=false -C /tmp/grit-bench-everyday/repo-L rebase --abort 2>/dev/null; true",
      "mean": 0.005926426728888889,
      "stddev": 0.00028663297612116886,
      "median": 0.0058358931199999995,
      "user": 0.003532562222222221,
      "system": 0.002023273333333334,
      "min": 0.0055947681199999995,
      "max": 0.00776805912,
      "times": [
        0.00582705912,
        0.005806476120000001,
        0.00615947612,
        0.00627760112,
        0.006080934120000001,
        0.005883725120000001,
        0.00580114212,
        0.00584222612,
        0.0057180591200000006,
        0.00570010112,
        0.0058062251199999994,
        0.00574297512,
        0.00572114212,
        0.00576768412,
        0.005694184120000001,
        0.00607389312,
        0.00580580912,
        0.00586972612,
        0.00599576812,
        0.00583347612,
        0.0061141841199999995,
        0.00567601712,
        0.00591072512,
        0.00567555912,
        0.00568805912,
        0.005916642120000001,
        0.00577010012,
        0.0061169341200000005,
        0.00569097612,
        0.0059893091199999995,
        0.00612343412,
        0.005708643120000001,
        0.005631892120000001,
        0.007155017120000001,
        0.00586668412,
        0.00609768412,
        0.0057586841199999995,
        0.005954184120000001,
        0.00615514212,
        0.005742351120000001,
        0.006012225120000001,
        0.005794559120000001,
        0.0058741841200000006,
        0.00615972612,
        0.00573389212,
        0.0058189761199999995,
        0.0059511841199999995,
        0.005729392120000001,
        0.00626839312,
        0.00580918412,
        0.00568618412,
        0.0057218511199999995,
        0.00563747612,
        0.00606755912,
        0.005960350120000001,
        0.006417434120000001,
        0.00593672512,
        0.00580393412,
        0.00653760112,
        0.005913768120000001,
        0.006290809120000001,
        0.0057665181199999995,
        0.006113143120000001,
        0.00661922612,
        0.005922225120000001,
        0.005850434120000001,
        0.00614651812,
        0.0058308091200000006,
        0.0060896011199999996,
        0.00585651712,
        0.00616672612,
        0.00599914212,
        0.0057552251200000005,
        0.0058911011200000005,
        0.005717600120000001,
        0.00582018412,
        0.0058389761200000004,
        0.00571930912,
        0.005711309120000001,
        0.00563430912,
        0.005647309120000001,
        0.005802726120000001,
        0.005827559120000001,
        0.0058207261199999995,
        0.00569201812,
        0.0055947681199999995,
        0.0057642671199999995,
        0.00565997612,
        0.00579755912,
        0.00673380912,
        0.00578518412,
        0.005749434120000001,
        0.00640451712,
        0.006043142120000001,
        0.00574880912,
        0.00574905912,
        0.00570939212,
        0.0060406841200000005,
        0.005720267120000001,
        0.00561335112,
        0.00565543412,
        0.00571793412,
        0.00573797612,
        0.00571089212,
        0.005812059120000001,
        0.00603085112,
        0.0058523501200000005,
        0.00599155912,
        0.00570285112,
        0.00586630912,
        0.00597905912,
        0.006221184120000001,
        0.00574018412,
        0.00572289212,
        0.0057943091200000005,
        0.005672726120000001,
        0.005679350120000001,
        0.00565880912,
        0.005623184120000001,
        0.00567814212,
        0.005928059120000001,
        0.00563930912,
        0.006470476120000001,
        0.006184934120000001,
        0.006097475120000001,
        0.0060676431200000006,
        0.00580580912,
        0.005653934120000001,
        0.006249059120000001,
        0.00572385112,
        0.00602351812,
        0.0056961841199999995,
        0.006044767120000001,
        0.00572755912,
        0.00576930912,
        0.00624343412,
        0.005717267120000001,
        0.005721934120000001,
        0.005671018119999999,
        0.00571751712,
        0.00564889312,
        0.006063684120000001,
        0.00572747612,
        0.00579743412,
        0.0062019341200000005,
        0.00685705912,
        0.00776805912,
        0.006929184120000001,
        0.00620330912,
        0.005888226119999999,
        0.00583355912,
        0.00702230912,
        0.006081600120000001,
        0.006258893120000001,
        0.0061516841200000005,
        0.0058147261200000005,
        0.00667110112,
        0.00583651812,
        0.006066476120000001,
        0.005972267120000001,
        0.00580185012,
        0.005728684120000001,
        0.005789351119999999,
        0.005986017120000001,
        0.005777101120000001,
        0.00584397612,
        0.00604597512,
        0.00575326812,
        0.006046642120000001,
        0.0058358931199999995,
        0.0056780591200000004,
        0.00593114212,
        0.00586751712,
        0.00587889212,
        0.00580935112,
        0.00589226812,
        0.00617680912,
        0.00581747612,
        0.00589289212,
        0.00578693412,
        0.005715184119999999,
        0.00598805912,
        0.00671214312,
        0.00587843412,
        0.0057773921200000005,
        0.00592472512,
        0.00574635012,
        0.005682059120000001,
        0.005794351120000001,
        0.00576351812,
        0.0056722671199999995,
        0.00602080912,
        0.00567639212,
        0.005710392119999999,
        0.00615572612,
        0.00606714312,
        0.00604122612,
        0.00593164212,
        0.005773351120000001,
        0.005758309120000001,
        0.00604693412,
        0.0062612261199999995,
        0.006330684120000001,
        0.0060751001199999995,
        0.005867018119999999,
        0.005982975120000001,
        0.00579951712,
        0.005850101119999999,
        0.00625201712,
        0.00611155912,
        0.006022142120000001,
        0.005961642120000001,
        0.006148309120000001,
        0.0058223511199999994,
        0.005962934120000001,
        0.0058880591200000006,
        0.00575635012,
        0.006055517120000001,
        0.005981393120000001,
        0.006010893120000001,
        0.00572126712,
        0.00568676712,
        0.0058116431199999995,
        0.005746767120000001,
        0.00573901712
      ],