{
  "results": [
    {
      "command": "/opt/homebrew/bin/git -c user.email=b@b -c user.name=bench -c init.defaultBranch=main -c commit.gpgsign=false -C /tmp/grit-bench-everyday/repo-L reset -q --mixed HEAD~1",
      "mean": 0.0029371733041221385,
      "stddev": 0.00017924866795922606,
      "median": 0.0028729266399999996,
      "user": 0.0018694036641221366,
      "system": 0.0009006893129770991,
      "min": 0.00267973914,
      "max": 0.0038838641399999993,
      "times": [
        0.0029118641399999996,
        0.0030091551399999998,
        0.0028443231399999996,
        0.0030196141399999998,
        0.0028729891399999997,
        0.003083114139999999,
        0.00300540614,
        0.0028754481399999995,
        0.002845072139999999,
        0.002814364139999999,
        0.002839489139999999,
        0.002792281139999999,
        0.002953989139999999,
        0.0031596141399999993,
        0.003143948139999999,
        0.003110989139999999,
        0.002904405139999999,
        0.0032311561399999992,
        0.00292207214,
        0.002809989139999999,
        0.0028348221399999993,
        0.0028209471399999993,
        0.002801781139999999,
        0.002879364139999999,
        0.0029925301399999996,
        0.002878906139999999,
        0.002833781139999999,
        0.0028638641399999993,
        0.0027921141399999995,
        0.0028571141399999994,
        0.0029549891399999993,
        0.0028460731399999996,
        0.00302748914,
        0.0028690721399999997,
        0.003037030139999999,
        0.002829073139999999,
        0.0028368221399999996,
        0.0029265731399999995,
        0.0028009471399999993,
        0.0030023231399999998,
        0.002848114139999999,
        0.0028302391399999995,
        0.00282886414,
        0.0027865721399999996,
        0.0028154891399999995,
        0.002992073139999999,
        0.002964239139999999,
        0.00287390514,
        0.002750073139999999,
        0.0038838641399999993,
        0.0029524891399999994,
        0.0030581561399999997,
        0.0033064891399999996,
        0.0028179061399999997,
        0.0030013641399999997,
        0.0028974061399999994,
        0.00300978114,
        0.0028629061399999996,
        0.0028394471399999996,
        0.002928864139999999,
        0.0028247801399999993,
        0.0028109061399999996,
        0.0028569471399999997,
        0.0028214061399999997,
        0.0028432801399999996,
        0.002897072139999999,
        0.0028105731399999997,
        0.003267406139999999,
        0.0028839061399999998,
        0.0028955721399999993,
        0.00298857314,
        0.002911448139999999,
        0.0028733221399999996,
        0.002851614139999999,
        0.0029111971399999994,
        0.0032141971399999997,
        0.0028481971399999997,
        0.002957822139999999,
        0.0027255721399999993,
        0.00285965614,
        0.0028541971399999996,
        0.00283236414,
        0.00285311414,
        0.0028201141399999997,
        0.0026877801399999993,
        0.0027397811399999996,
        0.003189322139999999,
        0.002823864139999999,
        0.0031084471399999997,
        0.0028413221399999997,
        0.00307390614,
        0.002836739139999999,
        0.0029923231399999993,
        0.0031357391399999997,
        0.0028726561399999998,
        0.00296369714,
        0.0029306981399999993,
        0.0030124891399999996,
        0.0028959471399999997,
        0.003202322139999999,
        0.00287915514,
        0.002820906139999999,
        0.002805614139999999,
        0.0027952811399999996,
        0.0028196141399999992,
        0.0029116561399999998,
        0.0028482391399999992,
        0.0028925311399999997,
        0.0028777801399999994,
        0.0027966971399999993,
        0.002775239139999999,
        0.0028281561399999995,
        0.002826364139999999,
        0.002864947139999999,
        0.00282711414,
        0.003168114139999999,
        0.0028194061399999994,
        0.003180239139999999,
        0.0027837811399999994,
        0.0028912391399999997,
        0.002701947139999999,
        0.0037166141399999995,
        0.003181239139999999,
        0.00284719814,
        0.0034589891399999994,
        0.0029362391399999997,
        0.002994614139999999,
        0.00298715614,
        0.00299894814,
        0.0028419471399999995,
        0.0028929051399999997,
        0.00304519714,
        0.00289223914,
        0.003309906139999999,
        0.002889281139999999,
        0.0027924061399999993,
        0.0027994471399999995,
        0.0030011981399999995,
        0.0027901561399999997,
        0.003279572139999999,
        0.003089697139999999,
        0.00363494714,
        0.0029146561399999993,
        0.002990906139999999,
        0.0028499891399999993,
        0.002776155139999999,
        0.0030540731399999995,
        0.002819489139999999,
        0.0028513641399999998,
        0.002862823139999999,
        0.0027672811399999993,
        0.0027486141399999994,
        0.003235864139999999,
        0.0034024891399999993,
        0.003566239139999999,
        0.0030277801399999993,
        0.0032753641399999997,
        0.0032857391399999996,
        0.003377572139999999,
        0.002897072139999999,
        0.0029102811399999992,
        0.00298882214,
        0.00298936414,
        0.0028119061399999997,
        0.002973073139999999,
        0.0028677391399999997,
        0.00299407214,
        0.00291257214,
        0.002826031139999999,
        0.0028398641399999995,
        0.0028078641399999996,
        0.0027744471399999996,
        0.0028078641399999996,
        0.0027699471399999995,
        0.0028212811399999996,
        0.0028088221399999993,
        0.0027982391399999995,
        0.002782572139999999,
        0.003075280139999999,
        0.0028096561399999992,
        0.0029526981399999996,
        0.0030708221399999994,
        0.0028343641399999992,
        0.002864281139999999,
        0.0027792391399999996,
        0.0028601971399999995,
        0.0033072391399999995,
        0.0028529481399999996,
        0.0032028221399999996,
        0.0028551971399999997,
        0.003008489139999999,
        0.0028185311399999994,
        0.00267973914,
        0.0029491141399999995,
        0.0030190311399999996,
        0.0028151971399999996,
        0.002954864139999999,
        0.0027792391399999996,
        0.00330586414,
        0.002925448139999999,
        0.00289736414,
        0.0033505311399999998,
        0.003273114139999999,
        0.0029491981399999995,
        0.0030786561399999994,
        0.0028899891399999994,
        0.0030595311399999993,
        0.0028226971399999993,
        0.00291203014,
        0.002849531139999999,
        0.0028029471399999995,
        0.0027973231399999994,
        0.00280582214,
        0.00284536414,
        0.0027938641399999995,
        0.00286219714,
        0.0029883221399999993,
        0.0028111141399999994,
        0.0030060721399999997,
        0.0027959471399999995,
        0.0030574891399999995,
        0.0029409471399999996,
        0.0028222801399999994,
        0.0028318221399999998,
        0.002841572139999999,
        0.0027991551399999997,
        0.0030131141399999993,
        0.0029101141399999995,
        0.002901531139999999,
        0.002741405139999999,
        0.003652531139999999,
        0.0030299891399999997,
        0.002850322139999999,
        0.0030360721399999993,
        0.002842531139999999,
        0.0031710301399999995,
        0.0028392811399999994,
        0.0031566141399999997,
        0.0028285301399999995,
        0.0030510721399999996,
        0.0029717801399999997,
        0.00291515614,
        0.0028105721399999993,
        0.0032754481399999997,
        0.0028317391399999992,
        0.0028066981399999993,
        0.0028309051399999993,
        0.002813489139999999,
        0.0028661561399999994,
        0.003026281139999999,
        0.0028422391399999993,
        0.0028728641399999996,
