{
  "results": [
    {
      "command": "/opt/homebrew/bin/git -c user.email=b@b -c user.name=bench -c init.defaultBranch=main -c commit.gpgsign=false -C /tmp/grit-bench-everyday/repo-H reset -q --mixed HEAD~1",
      "mean": 0.007498887997142856,
      "stddev": 0.0006413768742471997,
      "median": 0.007404640140000002,
      "user": 0.003435096842105264,
      "system": 0.0035860908270676705,
      "min": 0.0065320151400000016,
      "max": 0.01358101614,
      "times": [
        0.0076828491400000015,
        0.007846224140000002,
        0.007596849140000002,
        0.007594558140000002,
        0.007142307140000002,
        0.006994765140000001,
        0.007531349140000003,
        0.007150474140000002,
        0.0065320151400000016,
        0.007209141140000002,
        0.007243307140000002,
        0.006944224140000002,
        0.006971141140000001,
        0.01358101614,
        0.007621141140000003,
        0.007477891140000002,
        0.007164849140000002,
        0.0073391821400000026,
        0.007106807140000003,
        0.006992557140000001,
        0.007359057140000002,
        0.007579474140000002,
        0.007162266140000002,
        0.007337433140000002,
        0.007448849140000002,
        0.0069540571400000025,
        0.007006724140000002,
        0.007384099140000001,
        0.006955057140000002,
        0.007411641140000001,
        0.006960308140000001,
        0.007696807140000001,
        0.007288224140000002,
        0.007232432140000002,
        0.007406058140000001,
        0.007505599140000001,
        0.007357349140000002,
        0.007453724140000001,
        0.007036724140000002,
        0.007174224140000001,
        0.007255516140000001,
        0.007785974140000002,
        0.007325016140000001,
        0.007270349140000002,
        0.007318766140000002,
        0.007050516140000003,
        0.007151224140000002,
        0.007333766140000001,
        0.007625807140000001,
        0.007635516140000001,
        0.008091515140000002,
        0.007275140140000002,
        0.007367474140000002,
        0.007429141140000001,
        0.007396474140000001,
        0.008953515140000002,
        0.0072905571400000025,
        0.007916765140000002,
        0.007665016140000001,
        0.007422308140000002,
        0.007428224140000002,
        0.007213016140000002,
        0.007305099140000002,
        0.006806765140000002,
        0.007499182140000001,
        0.007330182140000002,
        0.006835974140000001,
        0.007519141140000001,
        0.008151308140000002,
        0.007433224140000002,
        0.007290974140000002,
        0.007342307140000002,
        0.007562307140000002,
        0.007404640140000002,
        0.007353974140000002,
        0.007294015140000002,
        0.007277891140000001,
        0.007430766140000001,
        0.007649432140000002,
        0.007397766140000001,
        0.007287683140000003,
        0.007489391140000003,
        0.007258224140000002,
        0.007331515140000001,
        0.007484932140000003,
        0.007841849140000003,
        0.008228599140000003,
        0.007308474140000002,
        0.007332057140000002,
        0.007432974140000001,
        0.0074514331400000015,
        0.007785557140000001,
        0.007108266140000001,
        0.007354807140000003,
        0.007427933140000002,
        0.007454933140000002,
        0.007430807140000002,
        0.007371349140000002,
        0.006847057140000001,
        0.007324016140000002,
        0.007375474140000001,
        0.007474433140000002,
        0.007336807140000002,
        0.007502849140000002,
        0.008464641140000001,
        0.007525599140000002,
        0.007712765140000001,
        0.007592349140000001,
        0.007548557140000002,
        0.007546390140000001,
        0.007744474140000002,
        0.007323308140000002,
        0.007456183140000001,
        0.007354932140000001,
        0.007312766140000001,
        0.0072683491400000015,
        0.007184640140000002,
        0.007103891140000002,
        0.007663933140000002,
        0.007479099140000002,
        0.0077074331400000026,
        0.007512724140000001,
        0.008535307140000002,
        0.008299266140000002,
        0.008257682140000002,
        0.008492641140000002,
        0.008043974140000002,
        0.008050599140000001,
        0.007844599140000002,
        0.007390307140000002,
        0.007782058140000003,
        0.007490557140000001,
        0.007902349140000002
      ],
      "memory_usage_byte": [
        6914048,
        6914048,
        6914048,
        6914048,
        6914048,
        6914048,
        6914048,
        6914048,
        6914048,
        6914048,
        6914048,
        7028736,
        7028736,
        7340032,
        7340032,
        7340032,
        7340032,
        7340032,
        7340032,
        7340032,
        7340032,
        7340032,
        7340032,
        7340032,
        7340032,
        7340032,
        7340032,
        7340032,
        7340032,
        7340032,
        7340032,
        7340032,
        7340032,
        7340032,
        7340032,
        7340032,
        7340032,
        7340032,
        7340032,
        7340032,
        7340032,
        7340032,
        7340032,
        7340032,
        7340032,
        7340032,
        7340032,
        7340032,
        7340032,
        7340032,
        7340032,
        7340032,
        7340032,
        7340032,
        7340032,
        7340032,
        7340032,
        7340032,
        7340032,
        7340032,
        7340032,
        7340032,
        7340032,
        7340032,
        7340032,
        7340032,
        7340032,
        7340032,
        7340032,
        7340032,
        7340032,
        7340032,
        7340032,
        7340032,
        7340032,
        7340032,
        7340032,
        7340032,
        7340032,
        7340032,
        7340032,
        7340032,
        7340032,
        7340032,
        7340032,
        7340032,
        7340032,
        7340032,
        7340032,
        7340032,
        7340032,
        7340032,
        7340032,
        7340032,
        7340032,
        7340032,
        7340032,
        7340032,
        7340032,
        7340032,
        7340032,
        7340032,
        7340032,
        7340032,
        7340032,
        7340032,
        7340032,
        7340032,
        7340032,
        7340032,
        7340032,
        7340032,
        7340032,
        7340032,
        7340032,
        7340032,
        7340032,
        7340032,
        7356416,
        7356416,
        7405568,
        7405568,
        7405568,
        7405568,
        7405568,
        7405568,
        7405568,
        7405568,
        7405568,
        7405568,
        7405568,
        7405568,
        7421952
      ],