{
  "results": [
    {
      "command": "/opt/homebrew/bin/git -c user.email=b@b -c user.name=bench -c init.defaultBranch=main -c commit.gpgsign=false -C /tmp/grit-bench-everyday/repo-H stash -q && /opt/homebrew/bin/git -c user.email=b@b -c user.name=bench -c init.defaultBranch=main -c commit.gpgsign=false -C /tmp/grit-bench-everyday/repo-H stash pop -q",
      "mean": 0.03222385451315791,
      "stddev": 0.0011969154882205226,
      "median": 0.03205975700000001,
      "user": 0.014779452631578944,
      "system": 0.015836548421052633,
      "min": 0.030544320000000007,
      "max": 0.039167487,
      "times": [
        0.03226427900000001,
        0.035268112000000004,
        0.03412607,
        0.032696237,
        0.032351445000000006,
        0.032764404000000004,
        0.033130611000000004,
        0.032474195000000004,
        0.03234261200000001,
        0.03218282,
        0.031681945,
        0.033122695,
        0.034860528,
        0.032313487,
        0.03272407,
        0.032596695,
        0.03257032000000001,
        0.031331445000000006,
        0.031480028,
        0.031926945000000005,
        0.031271236,
        0.03151711200000001,
        0.032456903,
        0.031389903000000004,
        0.031167529000000006,
        0.031493278000000006,
        0.031339029000000004,
        0.031624362,
        0.032817028000000005,
        0.031926736000000004,
        0.032909986,
        0.03137344500000001,
        0.032681903000000005,
        0.032512695,
        0.031444945,
        0.031632820000000006,
        0.032070153000000004,
        0.031745945000000005,
        0.031492654,
        0.031068154,
        0.031244612000000005,
        0.031553237000000005,
        0.031807195,
        0.032639279,
        0.031077861000000005,
        0.030901612000000002,
        0.031805987,
        0.031967945000000005,
        0.031626028,
        0.031328195,
        0.030988695000000004,
        0.031695236,
        0.030544320000000007,
        0.039167487,
        0.03295282,
        0.03260611100000001,
        0.031734778000000005,
        0.032049361000000005,
        0.032726945,
        0.031360861000000004,
        0.032182945000000004,
        0.03138044500000001,
        0.030932070000000006,
        0.032276445,
        0.033785903000000006,
        0.03285632,
        0.031483736000000005,
        0.03311507,
        0.032747612,
        0.032102945,
        0.031070070000000005,
        0.032026153,
        0.03212182,
        0.032244195,
        0.034170153,
        0.032593737000000005
      ],
      "memory_usage_byte": [
        8994816,
        8994816,
        8994816,
        8994816,
        8994816,
        8994816,
        8994816,
        8994816,
        8994816,
        8994816,
        8994816,
        8994816,
        9224192,
        9224192,
        9224192,
        9224192,
        9224192,
        9224192,
        9224192,
        9224192,
        9224192,
        9224192,
        9224192,
        9224192,
        9224192,
        9224192,
        9224192,
        9224192,
        9224192,
        9224192,
        9224192,
        9224192,
        9224192,
        9224192,
        9224192,
        9224192,
        9224192,
        9224192,
        9224192,
        9224192,
        9224192,
        9224192,
        9256960,
        9256960,
        9256960,
        9256960,
        9256960,
        9256960,
        9256960,
        9256960,
        9256960,
        9256960,
        9256960,
        9256960,
        9256960,
        9256960,
        9256960,
        9256960,
        9256960,
        9256960,
        9256960,
        9256960,
        9256960,
        9256960,
        9256960,
        9256960,
        9256960,
        9256960,
        9256960,
        9256960,
        9256960,
        9256960,
        9256960,
        9256960,
        9256960,
        9256960
      ],
      "exit_codes": [
        0,
        0,
        0,
        0,
        0,
        0,
        0,
        0,
        0,
        0,
        0,
        0,
        0,
        0,
        0,
        0,
        0,
        0,
        0,
        0,
        0,
        0,
        0,
        0,
        0,
        0,
        0,
        0,
        0,
        0,
        0,
        0,
        0,
        0,
        0,
        0,
        0,
        0,
        0,
        0,
        0,
        0,
        0,
        0,
        0,
        0,
        0,
        0,
        0,
        0,
        0,
        0,
        0,
        0,
        0,
        0,
        0,
        0,
        0,
        0,
        0,
        0,
        0,
        0,
        0,
        0,
        0,
        0,
        0,
        0,
        0,
        0,
        0,
        0,
        0,
        0
      ]
    },
    {
      "command": "/Users/schacon/projects/grit-claude/target/release/grit -C /tmp/grit-bench-everyday/repo-H stash -q && /opt/homebrew/bin/git -c user.email=b@b -c user.name=bench -c init.defaultBranch=main -c commit.gpgsign=false -C /tmp/grit-bench-everyday/repo-H stash pop -q",
      "mean": 0.11873528516666666,
      "stddev": 0.005242250694925587,
      "median": 0.11774427800000001,
      "user": 0.02863473333333333,
      "system": 0.08873555500000001,
      "min": 0.112301945,
      "max": 0.140956362,
      "times": [
        0.11547157,
        0.115576236,
        0.115894945,
        0.112301945,
        0.119515653,
        0.140956362,
        0.12055882,
        0.12177165300000001,
        0.116865945,
        0.118357195,
        0.119313903,
        0.117598611,
        0.116505778,
        0.116082778,
        0.11576907,
        0.120676487,
        0.117889945,
        0.119357986,
        0.117976029,
        0.120634028,
        0.115747445,
        0.116825986,
        0.120898862,
        0.117099612
      ],
      "memory_usage_byte": [
        11649024,
        11649024,
        11649024,
        11649024,
        11649024,
        12173312,
        12173312,
        12173312,
        12173312,
        12173312,
        12173312,
        12173312,
        12173312,
        12173312,
        12173312,
        12173312,
        12173312,
        12173312,
        12173312,
        12173312,
        12173312,
        12173312,
        12173312,
        12173312
      ],
      "exit_codes": [
        0,
        0,
        0,
        0,
        0,
        0,
        0,
        0,
        0,
        0,
        0,
        0,
        0,
        0,
        0,
        0,
        0,
        0,
        0,
        0,
        0,
        0,
        0,
        0
      ]
    }
  ]
}
