{
  "results": [
    {
      "command": "/opt/homebrew/bin/git -c user.email=b@b -c user.name=bench -c init.defaultBranch=main -c commit.gpgsign=false -C /tmp/grit-bench-everyday/repo-L stash -q && /opt/homebrew/bin/git -c user.email=b@b -c user.name=bench -c init.defaultBranch=main -c commit.gpgsign=false -C /tmp/grit-bench-everyday/repo-L stash pop -q",
      "mean": 0.012405253064142013,
      "stddev": 0.0022692538976264117,
      "median": 0.01211481736,
      "user": 0.005960298934911242,
      "system": 0.039224924023668645,
      "min": 0.011486608360000001,
      "max": 0.04070265036,
      "times": [
        0.01229506636,
        0.011730775360000001,
        0.01209881736,
        0.01233864936,
        0.01178702536,
        0.012070274360000001,
        0.01198377436,
        0.01225114936,
        0.01200498336,
        0.01214352536,
        0.01195502536,
        0.01246944136,
        0.011892150360000001,
        0.01235956736,
        0.01197302436,
        0.01217664936,
        0.01186885836,
        0.01243460836,
        0.01178831636,
        0.01204181636,
        0.01246956636,
        0.012129399360000001,
        0.01226019136,
        0.012379650360000001,
        0.01178865036,
        0.01182631636,
        0.01199327436,
        0.01193694136,
        0.01206894236,
        0.01183765036,
        0.01231673336,
        0.01196477536,
        0.01180394236,
        0.01173110836,
        0.01208715036,
        0.01223440036,
        0.01189731736,
        0.01205785836,
        0.01171952536,
        0.012627983360000001,
        0.01164365036,
        0.01217202436,
        0.01240502536,
        0.01225352436,
        0.01198565036,
        0.01220752536,
        0.01191506636,
        0.01203419136,
        0.012147733360000001,
        0.01242023336,
        0.01210606636,
        0.01214323336,
        0.01162631636,
        0.01253269236,
        0.012000566360000001,
        0.01194735836,
        0.01228931636,
        0.01239056736,
        0.012119400360000001,
        0.01195669136,
        0.01206623336,
        0.01212227536,
        0.01219040036,
        0.01190373336,
        0.01219419136,
        0.011856108360000001,
        0.01211219136,
        0.01232535836,
        0.01215131636,
        0.01219115036,
        0.012291608360000001,
        0.01218052536,
        0.01223944136,
        0.01170856736,
        0.011486608360000001,
        0.01218285836,
        0.012018274360000001,
        0.01204752536,
        0.01228819136,
        0.01216977436,
        0.01162360836,
        0.011488358360000001,
        0.01201710836,
        0.01177631636,
        0.01230052436,
        0.01194923336,
        0.01202331736,
        0.01218873336,
        0.01184535836,
        0.01202210836,
        0.012350483360000001,
        0.01198235836,
        0.01211631636,
        0.01218998336,
        0.01227777536,
        0.01161014936,
        0.01204973336,
        0.011861483360000001,
        0.01173981636,
        0.01240027536,
        0.01248960836,
        0.01205306636,
        0.012480150360000001,
        0.016255358360000003,
        0.013068608360000001,
        0.013231233359999999,
        0.01212602536,
        0.01203794236,
        0.01208248336,
        0.01185519236,
        0.01185777536,
        0.01217427436,
        0.01197831636,
        0.01202731636,
        0.011918941360000001,
        0.01180527536,
        0.01235152536,
        0.012104108360000001,
        0.012432108360000001,
        0.01181481636,
        0.01190089936,
        0.01235990036,
        0.01208935836,
        0.011865316360000001,
        0.01315227436,
        0.01175327436,
        0.01163790036,
        0.01195723336,
        0.01171277536,
        0.01219398336,
        0.01184914936,
        0.01240281736,
        0.01204369136,
        0.01232190036,
        0.01192794136,
        0.01211152436,
        0.01211615036,
        0.01194552536,
        0.01203635836,
        0.01156181736,
        0.01177873336,
        0.01216044236,
        0.01184135836,
        0.01178227436,
        0.012061942360000001,
        0.01219585836,
        0.01224235836,
        0.012220941360000001,
        0.01249290036,
        0.01235452436,
        0.01250685836,
        0.01211481736,
        0.01272781636,
        0.01251460836,
        0.01315631636,
        0.012718691360000001,
        0.01274252536,
        0.01294319136,
        0.01305864936,
        0.01300769136,
        0.01345860836,
        0.01337185836,
        0.01413356736,
        0.014450525359999999,
        0.01418206636,
        0.014795108360000002,
        0.04070265036,
        0.01366127536,
        0.013394608359999999
      ],
      "memory_usage_byte": [
        7143424,
        7143424,
        7143424,
        7143424,
        7143424,
        7143424,
        7143424,
        7143424,
        7143424,
        7143424,
        7143424,
        7143424,
        7143424,
        7143424,
        7143424,
        7143424,
        7143424,
        7143424,
        7143424,
        7143424,
        7143424,
        7143424,
        7143424,
        7143424,
        7143424,
        7143424,
        7143424,
        7143424,
        7143424,
        7143424,
        7143424,
        7143424,
        7143424,
        7143424,
        7143424,
        7143424,
        7143424,
        7143424,
        7143424,
        7143424,
        7143424,
        7143424,
        7143424,
        7143424,
        7143424,
        7143424,
        7143424,
        7143424,
        7143424,
        7143424,
        7143424,
        7143424,
        7143424,
        7143424,
        7143424,
        7143424,
        7143424,
        7143424,
        7143424,
        7143424,
        7143424,
        7143424,
        7143424,
        7143424,
        7143424,
        7143424,
        7143424,
        7143424,
        7143424,
        7143424,
        7143424,
        7143424,
        7143424,
        7143424,
        7143424,
        7143424,
        7143424,
        7143424,
        7143424,
        7143424,
        7143424,
        7143424,
        7143424,
        7143424,
        7143424,
        7143424,
        7143424,
        7143424,
        7143424,
        7143424,
        7143424,
        7143424,
        7143424,
        7143424,
        7143424,
        7143424,
        7143424,
        7143424,
        7143424,
        7143424,
        7143424,
        7143424,
        7143424,
        7520256,
        7520256,
        7520256,
        7520256,
        7520256,
        7520256,
        7520256,
        7520256,
        7520256,
        7520256,
        7520256,
        7520256,
        7520256,
        7520256,
        7520256,
        7520256,
        7520256,
        7520256,
        7520256,
        7520256,
        7520256,
        7520256,
        7520256,
        7520256,
        7520256,
        7520256,
        7520256,
        7520256,
        7520256,
        7520256,
        7520256,
        7520256,
        7520256,
        7520256,
        7520256,
        7520256,
        7520256,
        7520256,
        7520256,
        7520256,
        7520256,
        7520256,
        7520256,
        7520256,
        7520256,
        7520256,
        7520256,
        7520256,
        7520256,
        7520256,
        7520256,
        7520256,
        7520256,
        7520256,
        7520256,
        7520256,
        7520256,
        7520256,
        7520256,
        7520256,
        7520256,
        7520256,
        7520256,
        7520256,
        7520256,
        7520256
      ],