{
  "results": [
    {
      "command": "/opt/homebrew/bin/git -c user.email=b@b -c user.name=bench -c init.defaultBranch=main -c commit.gpgsign=false -C /tmp/grit-bench-everyday/repo-M stash -q && /opt/homebrew/bin/git -c user.email=b@b -c user.name=bench -c init.defaultBranch=main -c commit.gpgsign=false -C /tmp/grit-bench-everyday/repo-M stash pop -q",
      "mean": 0.006643347798345864,
      "stddev": 0.0005747273500761052,
      "median": 0.006524017460000001,
      "user": 0.0028791406015037596,
      "system": 0.004121913383458646,
      "min": 0.005905954960000001,
      "max": 0.012906704960000001,
      "times": [
        0.0060809129600000005,
        0.006004912960000001,
        0.006172120960000001,
        0.005960788960000001,
        0.006106496960000001,
        0.006046412960000001,
        0.006083121960000002,
        0.006387079960000002,
        0.006147037960000001,
        0.006135537960000001,
        0.006057787960000002,
        0.006124412960000001,
        0.006079579960000001,
        0.006135663960000001,
        0.006079496960000002,
        0.00597599696,
        0.006036704960000002,
        0.00591649596,
        0.00607312196,
        0.00607520496,
        0.006084829960000001,
        0.0061100799600000005,
        0.005905954960000001,
        0.006078954960000001,
        0.006714329960000001,
        0.006248245960000001,
        0.006325621960000001,
        0.006546162960000001,
        0.00619820496,
        0.006272412960000001,
        0.006140204960000001,
        0.005999579960000001,
        0.006197537960000001,
        0.0063424549600000005,
        0.006233996960000002,
        0.0062614129600000006,
        0.006336704960000002,
        0.00618324596,
        0.006220079960000001,
        0.006377704960000001,
        0.006309037960000001,
        0.006388204960000001,
        0.0062604969600000004,
        0.0066179129600000015,
        0.006358787960000001,
        0.00629449596,
        0.006751954960000001,
        0.006436038960000001,
        0.00640249696,
        0.006516704960000001,
        0.006348454960000001,
        0.006273621960000001,
        0.006465495960000001,
        0.006384912960000001,
        0.0064188299600000005,
        0.006367204960000001,
        0.006921329960000002,
        0.00701124696,
        0.007106121960000001,
        0.006727746960000001,
        0.006490121960000001,
        0.006555120960000001,
        0.006436120960000001,
        0.006922995960000001,
        0.006462787960000001,
        0.006487538960000001,
        0.006372995960000001,
        0.006432037960000001,
        0.006386246960000001,
        0.006356704960000001,
        0.00633507996,
        0.006456079960000001,
        0.006428079960000001,
        0.0063976629600000015,
        0.0063227049600000015,
        0.006422038960000001,
        0.006335413960000001,
        0.006378745960000001,
        0.006297038960000001,
        0.00627166296,
        0.006407787960000001,
        0.00784191396,
        0.0074813299600000015,
        0.006885120960000001,
        0.006891162960000001,
        0.0068194549600000005,
        0.00744437096,
        0.006787663960000001,
        0.00663916296,
        0.006538704960000001,
        0.006602829960000001,
        0.007388371960000001,
        0.00754341396,
        0.006900995960000001,
        0.006526829960000001,
        0.0063767879600000014,
        0.0065162879600000004,
        0.006278037960000002,
        0.006367788960000001,
        0.0068728719600000005,
        0.006541870960000001,
        0.006484413960000001,
        0.006571496960000001,
        0.006336537960000001,
        0.006265079960000001,
        0.006302871960000001,
        0.00636982996,
        0.006519829960000001,
        0.006353121960000001,
        0.006607913960000001,
        0.0063989549600000015,
        0.006389704960000001,
        0.006807246960000001,
        0.006579662960000001,
        0.006464704960000001,
        0.006316538960000001,
        0.006564954960000001,
        0.006536662960000002,
        0.006340662960000002,
        0.007072662960000002,
        0.007164620960000001,
        0.007360371960000001,
        0.007287746960000001,
        0.006881329960000002,
        0.006650162960000001,
        0.007882079960000002,
        0.007338329960000001,
        0.00716641296,
        0.006869162960000001,
        0.0071781219600000005,
        0.006801037960000001,
        0.006609538960000001,
        0.006920995960000001,
        0.006650162960000001,
        0.006509829960000001,
        0.0065537469600000006,
        0.0065007879600000006,
        0.006636663960000001,
        0.0064437469600000016,
        0.00714345496,
        0.00672416296,
        0.00653307996,
        0.006494037960000001,
        0.006627579960000001,
        0.006234454960000002,
        0.006435412960000001,
        0.00672066296,
        0.006683121960000002,
        0.006784204960000002,
        0.006420871960000001,
        0.006332370960000002,
        0.006785204960000001,
        0.0064670379600000015,
        0.0064662469600000015,
        0.0064198299600000015,
        0.00661782996,
        0.006547120960000001,
        0.00665303796,
        0.007497287960000001,
        0.00702907996,
        0.006940870960000001,
        0.006894954960000001,
        0.006640621960000001,
        0.006567329960000002,
        0.007257204960000001,
        0.006883620960000001,
        0.0065212049600000006,
        0.006414620960000001,
        0.006406371960000001,
        0.006574454960000002,
        0.006765829960000001,
        0.006561038960000001,
        0.00645016296,
        0.00640774696,
        0.006708246960000001,
        0.00644457996,
        0.0065121219600000006,
        0.0066282879600000014,
        0.0064655799600000004,
        0.006342829960000001,
        0.00632062096,
        0.006801246960000002,
        0.006696288960000001,
        0.00649062096,
        0.00669141296,
        0.006592704960000001,
        0.006563745960000001,
        0.0067596639600000005,
        0.006249579960000001,
        0.006418954960000001,
        0.006617745960000001,
        0.00717112196,
        0.0075143299600000015,
        0.0066199549600000004,
        0.006812079960000002,
        0.006879412960000001,
        0.0073334969600000015,
        0.007807537960000001,
        0.00785487196,
        0.007866704960000002,
        0.007973621960000002,
        0.008246287960000001,
        0.008312995960000001,
        0.012906704960000001,
        0.007915996960000001,
        0.007094037960000001,
        0.007030162960000001,
        0.006815288960000001,
        0.00720095496,
        0.007073329960000001,
        0.006716995960000001,
        0.006385288960000001,
        0.00678424696,
        0.006554246960000001,
        0.006513745960000001,
        0.00674787196,
        0.006603912960000001,
        0.00685557996,
        0.0071109549600000006,
        0.0068135389600000006,
        0.007609496960000002,
        0.007123829960000001,
        0.006855787960000002,
        0.006846538960000001,
        0.006569995960000002,
        0.006796620960000001,
        0.00674366396,
        0.006678454960000002,
        0.006689120960000001,
        0.006765204960000002,
        0.006485829960000002,
        0.00653087196,
        0.00678666296,
        0.00640716396,
        0.00641299696,
        0.006445121960000001,
        0.006593413960000001,
        0.006631246960000002,
        0.006243079960000002,
        0.006460246960000001,
        0.00663849696,
        0.006262204960000002,
        0.00648574696,
        0.006224496960000001,
        0.00658145496,
        0.0063893299600000005,
        0.006486287960000002,
        0.006370704960000001,
        0.006412079960000001,
        0.006446704960000001,
        0.0064500799600000006,
        0.0063434549600000015,
        0.0065529969600000015,
        0.00797399696,
