{
  "results": [
    {
      "command": "/opt/homebrew/bin/git -c user.email=b@b -c user.name=bench -c init.defaultBranch=main -c commit.gpgsign=false -C /tmp/grit-bench-everyday/repo-L status --porcelain=v2",
      "mean": 0.01530835662444445,
      "stddev": 0.0005310231125821315,
      "median": 0.015233525980000003,
      "user": 0.00575775111111111,
      "system": 0.043245037777777766,
      "min": 0.014118567480000002,
      "max": 0.019224442480000003,
      "times": [
        0.014118567480000002,
        0.01419798348,
        0.01434090048,
        0.014343817480000002,
        0.014897775480000002,
        0.014957275480000002,
        0.014546359480000002,
        0.014489192480000001,
        0.014453401480000001,
        0.01485140148,
        0.014782859480000002,
        0.014942525480000001,
        0.01524123348,
        0.014925359480000002,
        0.014923442480000002,
        0.015035317480000003,
        0.015370692480000002,
        0.01537123448,
        0.015320775480000002,
        0.015066733480000002,
        0.01531031748,
        0.015488525480000003,
        0.01522331748,
        0.015311400480000003,
        0.015137650480000002,
        0.015339776480000003,
        0.015445775480000002,
        0.015127192480000001,
        0.015215192480000002,
        0.015292400480000001,
        0.014980734480000002,
        0.015151775480000003,
        0.015070983480000003,
        0.01531885948,
        0.015829067480000004,
        0.01537448448,
        0.015192234480000002,
        0.015146067480000002,
        0.014846525480000003,
        0.01524456748,
        0.015311317480000001,
        0.01525898448,
        0.015253317480000002,
        0.015014067480000002,
        0.01520710948,
        0.015263151480000002,
        0.01485998448,
        0.01507240048,
        0.015421775480000002,
        0.015234109480000002,
        0.015159442480000002,
        0.015180567480000002,
        0.015419817480000002,
        0.015204859480000001,
        0.01515835848,
        0.015272525480000002,
        0.01530540148,
        0.015948734480000004,
        0.015615359480000002,
        0.015680150480000002,
        0.01542519248,
        0.015164150480000001,
        0.01502519248,
        0.015143776480000001,
        0.01489990048,
        0.015080234480000001,
        0.015190067480000001,
        0.015049859480000002,
        0.015122983480000003,
        0.01543906748,
        0.015124651480000003,
        0.01510385948,
        0.015104609480000001,
        0.01496185948,
        0.01516844248,
        0.01529127548,
        0.01501581748,
        0.01557823348,
        0.01544856748,
        0.015607359480000001,
        0.015904901480000004,
        0.015435151480000001,
        0.015320234480000002,
        0.015191484480000001,
        0.015176151480000002,
        0.015073359480000001,
        0.015086984480000001,
        0.015306484480000002,
        0.014879525480000001,
        0.015369275480000002,
        0.015493900480000001,
        0.015324484480000003,
        0.015221567480000002,
        0.015217442480000001,
        0.015297401480000002,
        0.015244150480000001,
        0.015232942480000003,
        0.015870442480000004,
        0.015728608480000003,
        0.015653692480000002,
        0.01539873448,
        0.01554373448,
        0.015975359480000003,
        0.015440401480000003,
        0.015252942480000002,
        0.015227901480000002,
        0.015123234480000003,
        0.015198442480000003,
        0.01521381748,
        0.01523706748,
        0.01517648448,
        0.015337108480000002,
        0.015187483480000001,
        0.015147400480000002,
        0.015263317480000002,
        0.014820734480000002,
        0.015076984480000001,
        0.01508881748,
        0.01513406748,
        0.01506665048,
        0.01498290148,
        0.015006608480000001,
        0.01518598348,
        0.01527727548,
        0.015670067480000004,
        0.015415775480000003,
        0.01539927648,
        0.015218692480000002,
        0.015306359480000002,
        0.015101234480000001,
        0.015085651480000002,
        0.015152983480000002,
        0.01496319248,
        0.01523290148,
        0.015975025480000002,
        0.015681609480000004,
        0.019224442480000003,
        0.015633817480000003,
        0.01536915148,
        0.01548990148,
        0.015221567480000002,
        0.015273317480000001,
        0.015366150480000002,
        0.015270817480000002,
        0.015203525480000002,
        0.015015859480000003,
        0.015424609480000002,
        0.015809150480000003,
        0.01523744248,
        0.01507131748,
        0.018159233480000002,
        0.015759942480000004,
        0.015646942480000002,
        0.016045775480000003,
        0.016182401480000004,
        0.01604635848,
        0.015748233480000002,
        0.015752942480000004,
        0.01674748448,
        0.017783192480000005,
        0.015857900480000003,
        0.015160608480000002,
        0.015267359480000001,
        0.01516135848,
        0.015078400480000002,
        0.015339275480000003,
        0.014840942480000003,
        0.01526206748,
        0.01528765048,
        0.01548094248,
        0.01532560848,
        0.01520177648,
        0.01536477648,
        0.01509648348,
        0.015820942480000003,
        0.01544310948,
        0.01501352548,
        0.01499481748,
        0.015158776480000002,
        0.015259651480000002
      ],