{
  "results": [
    {
      "command": "/opt/homebrew/bin/git -c user.email=b@b -c user.name=bench -c init.defaultBranch=main -c commit.gpgsign=false -C /tmp/grit-bench-everyday/repo-L status",
      "mean": 0.015409484674594612,
      "stddev": 0.0009275344721163565,
      "median": 0.01556884448,
      "user": 0.005809825405405407,
      "system": 0.043644637297297305,
      "min": 0.013623052480000002,
      "max": 0.01786405248,
      "times": [
        0.013730177480000001,
        0.014195552480000002,
        0.014042386480000002,
        0.01396063548,
        0.014238760480000001,
        0.01397959448,
        0.01426951048,
        0.014006635480000001,
        0.013816135480000002,
        0.01423955248,
        0.014127719480000002,
        0.01414842748,
        0.01388063648,
        0.014082385480000001,
        0.013836510480000001,
        0.01390526048,
        0.01377613648,
        0.013727177480000002,
        0.013921677480000002,
        0.013623052480000002,
        0.01443871948,
        0.014093344479999999,
        0.01379817748,
        0.013712510479999999,
        0.01406038548,
        0.013999636480000001,
        0.013984594480000001,
        0.013895260480000001,
        0.013923511480000001,
        0.013930635480000002,
        0.014147593480000002,
        0.013796677480000002,
        0.014045761480000002,
        0.01418226048,
        0.01442734348,
        0.013991469480000001,
        0.014116177479999999,
        0.01436121848,
        0.01444363648,
        0.01454830248,
        0.01430792748,
        0.014275343480000001,
        0.014414302480000002,
        0.01433821948,
        0.014647969480000002,
        0.01468451048,
        0.014767427480000001,
        0.01488676048,
        0.014492469479999999,
        0.01449955248,
        0.01468580248,
        0.014691135479999999,
        0.01473105248,
        0.015096927480000001,
        0.01484071948,
        0.014813969480000001,
        0.015026344480000002,
        0.014911760480000001,
        0.01513821848,
        0.01505651048,
        0.015062802480000002,
        0.015248885480000002,
        0.015178052479999999,
        0.015179135480000001,
        0.015190136480000001,
        0.01517917748,
        0.015589802480000001,
        0.01555796948,
        0.015705593480000002,
        0.01557401048,
        0.01540259348,
        0.01555430248,
        0.015376093480000002,
        0.015485510479999999,
        0.01535384448,
        0.015419010480000002,
        0.015388177480000001,
        0.01514238548,
        0.01520496948,
        0.01552071948,
        0.01524413548,
        0.01555276048,
        0.015420927479999999,
        0.015452719480000002,
        0.01517971948,
        0.015536385480000001,
        0.015452344480000001,
        0.01522588548,
        0.01524546948,
        0.01556884448,
        0.01621180248,
        0.01558217748,
        0.01581317748,
        0.01587263548,
        0.015410427479999999,
        0.01584917748,
        0.01564159348,
        0.015280094479999999,
        0.01587296948,
        0.01555896948,
        0.01575126048,
        0.015466635480000001,
        0.015576552480000002,
        0.01660130248,
        0.01616601048,
        0.01570234448,
        0.015487885480000001,
        0.015601468480000002,
        0.01786405248,
        0.01529526048,
        0.015749261480000002,
        0.01592163648,
        0.01654267748,
        0.01605842748,
        0.016277052480000002,
        0.01627526048,
        0.01618817748,
        0.01645234348,
        0.01629076048,
        0.01591413648,
        0.01623588548,
        0.016447968480000002,
        0.01641963548,
        0.01603309348,
        0.01598663648,
        0.01592813648,
        0.01608146948,
        0.01592488548,
        0.01585709448,
        0.01584621948,
        0.01575059448,
        0.01582255248,
        0.01607459348,
        0.016167469480000002,
        0.01648792748,
        0.01614826048,
        0.01594105248,
        0.01588526048,
        0.01610601148,
        0.01599384448,
        0.01605726148,
        0.01595359448,
        0.01611938548,
        0.01592221948,
        0.01620488648,
        0.01591005248,
        0.016171219480000002,
        0.01610192748,
        0.01624342748,
        0.01655021948,
        0.015851468480000002,
        0.01612976048,
        0.01587788548,
        0.01615951048,
        0.01596563548,
        0.01630267748,
        0.01650455248,
        0.01615492748,
        0.01599951148,
        0.01582234348,
        0.01596276148,
        0.01593501148,
        0.01579696948,
        0.01630067748,
        0.01602926148,
        0.01659813548,
        0.01629713548,
        0.01614930248,
        0.01628646948,
        0.01630280248,
        0.01673884348,
        0.01698046948,
        0.01648734448,
        0.016322177480000002,
        0.01632980248,
        0.016385052480000002,
        0.01717251048,
        0.01737596848,
        0.01694751048,
        0.016924094480000002,
        0.016674344480000002,
        0.01660405248,
        0.01669471848,
        0.01650217748,
        0.01663605248
      ],